date,ticker,expiry,side,strike,volume
2026-07-02,AAPL,2026-07-31,CALL,125.0,2.0
2026-07-02,AAPL,2026-07-31,CALL,130.0,2.0
2026-07-02,AAPL,2026-07-31,CALL,135.0,2.0
2026-07-02,AAPL,2026-07-31,CALL,145.0,2.0
2026-07-02,AAPL,2026-07-31,CALL,150.0,1.0
2026-07-02,AAPL,2026-07-31,CALL,155.0,4.0
2026-07-02,AAPL,2026-07-31,CALL,160.0,3.0
2026-07-02,AAPL,2026-07-31,CALL,165.0,2.0
2026-07-02,AAPL,2026-07-31,CALL,170.0,10.0
2026-07-02,AAPL,2026-07-31,CALL,175.0,10.0
2026-07-02,AAPL,2026-07-31,CALL,180.0,2.0
2026-07-02,AAPL,2026-07-31,CALL,185.0,1.0
2026-07-02,AAPL,2026-07-31,CALL,190.0,3.0
2026-07-02,AAPL,2026-07-31,CALL,195.0,1.0
2026-07-02,AAPL,2026-07-31,CALL,200.0,2.0
2026-07-02,AAPL,2026-07-31,CALL,205.0,8.0
2026-07-02,AAPL,2026-07-31,CALL,210.0,1.0
2026-07-02,AAPL,2026-07-31,CALL,215.0,
2026-07-02,AAPL,2026-07-31,CALL,220.0,20.0
2026-07-02,AAPL,2026-07-31,CALL,225.0,2.0
2026-07-02,AAPL,2026-07-31,CALL,230.0,2.0
2026-07-02,AAPL,2026-07-31,CALL,235.0,1.0
2026-07-02,AAPL,2026-07-31,CALL,240.0,6.0
2026-07-02,AAPL,2026-07-31,CALL,245.0,1.0
2026-07-02,AAPL,2026-07-31,CALL,250.0,51.0
2026-07-02,AAPL,2026-07-31,CALL,255.0,1.0
2026-07-02,AAPL,2026-07-31,CALL,260.0,5.0
2026-07-02,AAPL,2026-07-31,CALL,265.0,1.0
2026-07-02,AAPL,2026-07-31,CALL,270.0,28.0
2026-07-02,AAPL,2026-07-31,CALL,275.0,94.0
2026-07-02,AAPL,2026-07-31,CALL,280.0,367.0
2026-07-02,AAPL,2026-07-31,CALL,285.0,452.0
2026-07-02,AAPL,2026-07-31,CALL,290.0,477.0
2026-07-02,AAPL,2026-07-31,CALL,295.0,1116.0
2026-07-02,AAPL,2026-07-31,CALL,300.0,971.0
2026-07-02,AAPL,2026-07-31,CALL,305.0,445.0
2026-07-02,AAPL,2026-07-31,CALL,310.0,1264.0
2026-07-02,AAPL,2026-07-31,CALL,315.0,265.0
2026-07-02,AAPL,2026-07-31,CALL,320.0,454.0
2026-07-02,AAPL,2026-07-31,CALL,325.0,408.0
2026-07-02,AAPL,2026-07-31,CALL,330.0,665.0
2026-07-02,AAPL,2026-07-31,CALL,335.0,45.0
2026-07-02,AAPL,2026-07-31,CALL,340.0,60.0
2026-07-02,AAPL,2026-07-31,CALL,345.0,8.0
2026-07-02,AAPL,2026-07-31,CALL,350.0,2.0
2026-07-02,AAPL,2026-07-31,CALL,355.0,3.0
2026-07-02,AAPL,2026-07-31,CALL,360.0,1.0
2026-07-02,AAPL,2026-07-31,CALL,365.0,2.0
2026-07-02,AAPL,2026-07-31,CALL,370.0,9.0
2026-07-02,AAPL,2026-07-31,CALL,375.0,1.0
2026-07-02,AAPL,2026-07-31,CALL,385.0,
2026-07-02,AAPL,2026-07-31,CALL,400.0,1.0
2026-07-02,AAPL,2026-07-31,PUT,135.0,2.0
2026-07-02,AAPL,2026-07-31,PUT,140.0,3.0
2026-07-02,AAPL,2026-07-31,PUT,145.0,2.0
2026-07-02,AAPL,2026-07-31,PUT,150.0,2.0
2026-07-02,AAPL,2026-07-31,PUT,155.0,2.0
2026-07-02,AAPL,2026-07-31,PUT,160.0,2.0
2026-07-02,AAPL,2026-07-31,PUT,165.0,4.0
2026-07-02,AAPL,2026-07-31,PUT,170.0,8.0
2026-07-02,AAPL,2026-07-31,PUT,175.0,18.0
2026-07-02,AAPL,2026-07-31,PUT,180.0,4.0
2026-07-02,AAPL,2026-07-31,PUT,185.0,4.0
2026-07-02,AAPL,2026-07-31,PUT,190.0,25.0
2026-07-02,AAPL,2026-07-31,PUT,195.0,1.0
2026-07-02,AAPL,2026-07-31,PUT,200.0,4.0
2026-07-02,AAPL,2026-07-31,PUT,205.0,2.0
2026-07-02,AAPL,2026-07-31,PUT,210.0,4.0
2026-07-02,AAPL,2026-07-31,PUT,215.0,3.0
2026-07-02,AAPL,2026-07-31,PUT,220.0,19.0
2026-07-02,AAPL,2026-07-31,PUT,225.0,2.0
2026-07-02,AAPL,2026-07-31,PUT,230.0,1.0
2026-07-02,AAPL,2026-07-31,PUT,235.0,17.0
2026-07-02,AAPL,2026-07-31,PUT,240.0,93.0
2026-07-02,AAPL,2026-07-31,PUT,245.0,109.0
2026-07-02,AAPL,2026-07-31,PUT,250.0,147.0
2026-07-02,AAPL,2026-07-31,PUT,255.0,44.0
2026-07-02,AAPL,2026-07-31,PUT,260.0,194.0
2026-07-02,AAPL,2026-07-31,PUT,265.0,97.0
2026-07-02,AAPL,2026-07-31,PUT,270.0,569.0
2026-07-02,AAPL,2026-07-31,PUT,275.0,170.0
2026-07-02,AAPL,2026-07-31,PUT,280.0,154.0
2026-07-02,AAPL,2026-07-31,PUT,285.0,70.0
2026-07-02,AAPL,2026-07-31,PUT,290.0,1038.0
2026-07-02,AAPL,2026-07-31,PUT,295.0,122.0
2026-07-02,AAPL,2026-07-31,PUT,300.0,171.0
2026-07-02,AAPL,2026-07-31,PUT,305.0,47.0
2026-07-02,AAPL,2026-07-31,PUT,310.0,37.0
2026-07-02,AAPL,2026-07-31,PUT,315.0,11.0
2026-07-02,AAPL,2026-07-31,PUT,320.0,3.0
2026-07-02,AAPL,2026-07-31,PUT,325.0,2.0
2026-07-02,AAPL,2026-07-31,PUT,330.0,10.0
2026-07-02,AAPL,2026-07-31,PUT,340.0,4.0
2026-07-02,AAPL,2026-07-31,PUT,375.0,
2026-07-02,AAPL,2026-07-31,PUT,390.0,16.0
2026-07-02,ABBV,2026-07-31,CALL,170.0,
2026-07-02,ABBV,2026-07-31,CALL,175.0,2.0
2026-07-02,ABBV,2026-07-31,CALL,190.0,
2026-07-02,ABBV,2026-07-31,CALL,195.0,1.0
2026-07-02,ABBV,2026-07-31,CALL,200.0,
2026-07-02,ABBV,2026-07-31,CALL,205.0,2.0
2026-07-02,ABBV,2026-07-31,CALL,210.0,2.0
2026-07-02,ABBV,2026-07-31,CALL,215.0,1.0
2026-07-02,ABBV,2026-07-31,CALL,220.0,1.0
2026-07-02,ABBV,2026-07-31,CALL,225.0,2.0
2026-07-02,ABBV,2026-07-31,CALL,230.0,4.0
2026-07-02,ABBV,2026-07-31,CALL,235.0,4.0
2026-07-02,ABBV,2026-07-31,CALL,240.0,8.0
2026-07-02,ABBV,2026-07-31,CALL,245.0,22.0
2026-07-02,ABBV,2026-07-31,CALL,250.0,9.0
2026-07-02,ABBV,2026-07-31,CALL,255.0,1.0
2026-07-02,ABBV,2026-07-31,CALL,260.0,45.0
2026-07-02,ABBV,2026-07-31,CALL,265.0,9.0
2026-07-02,ABBV,2026-07-31,CALL,270.0,11.0
2026-07-02,ABBV,2026-07-31,CALL,275.0,1.0
2026-07-02,ABBV,2026-07-31,CALL,280.0,8.0
2026-07-02,ABBV,2026-07-31,CALL,285.0,4.0
2026-07-02,ABBV,2026-07-31,PUT,150.0,
2026-07-02,ABBV,2026-07-31,PUT,175.0,1.0
2026-07-02,ABBV,2026-07-31,PUT,180.0,
2026-07-02,ABBV,2026-07-31,PUT,185.0,1.0
2026-07-02,ABBV,2026-07-31,PUT,190.0,172.0
2026-07-02,ABBV,2026-07-31,PUT,195.0,478.0
2026-07-02,ABBV,2026-07-31,PUT,200.0,200.0
2026-07-02,ABBV,2026-07-31,PUT,205.0,4.0
2026-07-02,ABBV,2026-07-31,PUT,210.0,4.0
2026-07-02,ABBV,2026-07-31,PUT,215.0,4.0
2026-07-02,ABBV,2026-07-31,PUT,220.0,3.0
2026-07-02,ABBV,2026-07-31,PUT,225.0,5.0
2026-07-02,ABBV,2026-07-31,PUT,230.0,1.0
2026-07-02,ABBV,2026-07-31,PUT,235.0,34.0
2026-07-02,ABBV,2026-07-31,PUT,240.0,1.0
2026-07-02,ABBV,2026-07-31,PUT,245.0,1.0
2026-07-02,ABBV,2026-07-31,PUT,250.0,24.0
2026-07-02,ABBV,2026-07-31,PUT,280.0,
2026-07-02,ABBV,2026-07-31,PUT,290.0,
2026-07-02,ABBV,2026-07-31,PUT,295.0,
2026-07-02,ABBV,2026-07-31,PUT,300.0,
2026-07-02,AMD,2026-07-31,CALL,100.0,3.0
2026-07-02,AMD,2026-07-31,CALL,120.0,3.0
2026-07-02,AMD,2026-07-31,CALL,130.0,1.0
2026-07-02,AMD,2026-07-31,CALL,140.0,2.0
2026-07-02,AMD,2026-07-31,CALL,150.0,
2026-07-02,AMD,2026-07-31,CALL,155.0,1.0
2026-07-02,AMD,2026-07-31,CALL,160.0,
2026-07-02,AMD,2026-07-31,CALL,175.0,2.0
2026-07-02,AMD,2026-07-31,CALL,200.0,
2026-07-02,AMD,2026-07-31,CALL,220.0,
2026-07-02,AMD,2026-07-31,CALL,225.0,1.0
2026-07-02,AMD,2026-07-31,CALL,230.0,1.0
2026-07-02,AMD,2026-07-31,CALL,235.0,5.0
2026-07-02,AMD,2026-07-31,CALL,240.0,1.0
2026-07-02,AMD,2026-07-31,CALL,245.0,1.0
2026-07-02,AMD,2026-07-31,CALL,250.0,3.0
2026-07-02,AMD,2026-07-31,CALL,255.0,1.0
2026-07-02,AMD,2026-07-31,CALL,260.0,2.0
2026-07-02,AMD,2026-07-31,CALL,265.0,1.0
2026-07-02,AMD,2026-07-31,CALL,270.0,1.0
2026-07-02,AMD,2026-07-31,CALL,275.0,2.0
2026-07-02,AMD,2026-07-31,CALL,280.0,3.0
2026-07-02,AMD,2026-07-31,CALL,290.0,1.0
2026-07-02,AMD,2026-07-31,CALL,295.0,
2026-07-02,AMD,2026-07-31,CALL,300.0,1.0
2026-07-02,AMD,2026-07-31,CALL,310.0,1.0
2026-07-02,AMD,2026-07-31,CALL,315.0,1.0
2026-07-02,AMD,2026-07-31,CALL,320.0,1.0
2026-07-02,AMD,2026-07-31,CALL,330.0,5.0
2026-07-02,AMD,2026-07-31,CALL,340.0,2.0
2026-07-02,AMD,2026-07-31,CALL,350.0,1.0
2026-07-02,AMD,2026-07-31,CALL,355.0,
2026-07-02,AMD,2026-07-31,CALL,360.0,5.0
2026-07-02,AMD,2026-07-31,CALL,365.0,1.0
2026-07-02,AMD,2026-07-31,CALL,370.0,
2026-07-02,AMD,2026-07-31,CALL,375.0,2.0
2026-07-02,AMD,2026-07-31,CALL,380.0,1.0
2026-07-02,AMD,2026-07-31,CALL,385.0,
2026-07-02,AMD,2026-07-31,CALL,390.0,2.0
2026-07-02,AMD,2026-07-31,CALL,395.0,
2026-07-02,AMD,2026-07-31,CALL,400.0,2.0
2026-07-02,AMD,2026-07-31,CALL,405.0,1.0
2026-07-02,AMD,2026-07-31,CALL,410.0,1.0
2026-07-02,AMD,2026-07-31,CALL,415.0,2.0
2026-07-02,AMD,2026-07-31,CALL,420.0,5.0
2026-07-02,AMD,2026-07-31,CALL,425.0,2.0
2026-07-02,AMD,2026-07-31,CALL,430.0,2.0
2026-07-02,AMD,2026-07-31,CALL,435.0,1.0
2026-07-02,AMD,2026-07-31,CALL,440.0,1.0
2026-07-02,AMD,2026-07-31,CALL,445.0,4.0
2026-07-02,AMD,2026-07-31,CALL,450.0,8.0
2026-07-02,AMD,2026-07-31,CALL,455.0,21.0
2026-07-02,AMD,2026-07-31,CALL,460.0,7.0
2026-07-02,AMD,2026-07-31,CALL,465.0,1.0
2026-07-02,AMD,2026-07-31,CALL,470.0,12.0
2026-07-02,AMD,2026-07-31,CALL,475.0,4.0
2026-07-02,AMD,2026-07-31,CALL,480.0,3.0
2026-07-02,AMD,2026-07-31,CALL,485.0,12.0
2026-07-02,AMD,2026-07-31,CALL,490.0,2.0
2026-07-02,AMD,2026-07-31,CALL,495.0,5.0
2026-07-02,AMD,2026-07-31,CALL,500.0,43.0
2026-07-02,AMD,2026-07-31,CALL,505.0,6.0
2026-07-02,AMD,2026-07-31,CALL,510.0,1.0
2026-07-02,AMD,2026-07-31,CALL,515.0,2.0
2026-07-02,AMD,2026-07-31,CALL,520.0,40.0
2026-07-02,AMD,2026-07-31,CALL,525.0,17.0
2026-07-02,AMD,2026-07-31,CALL,530.0,5.0
2026-07-02,AMD,2026-07-31,CALL,535.0,1.0
2026-07-02,AMD,2026-07-31,CALL,540.0,50.0
2026-07-02,AMD,2026-07-31,CALL,545.0,68.0
2026-07-02,AMD,2026-07-31,CALL,550.0,788.0
2026-07-02,AMD,2026-07-31,CALL,555.0,1271.0
2026-07-02,AMD,2026-07-31,CALL,560.0,190.0
2026-07-02,AMD,2026-07-31,CALL,565.0,111.0
2026-07-02,AMD,2026-07-31,CALL,570.0,94.0
2026-07-02,AMD,2026-07-31,CALL,575.0,59.0
2026-07-02,AMD,2026-07-31,CALL,580.0,49.0
2026-07-02,AMD,2026-07-31,CALL,585.0,6.0
2026-07-02,AMD,2026-07-31,CALL,590.0,46.0
2026-07-02,AMD,2026-07-31,CALL,595.0,16.0
2026-07-02,AMD,2026-07-31,CALL,600.0,285.0
2026-07-02,AMD,2026-07-31,CALL,605.0,11.0
2026-07-02,AMD,2026-07-31,CALL,610.0,45.0
2026-07-02,AMD,2026-07-31,CALL,615.0,22.0
2026-07-02,AMD,2026-07-31,CALL,620.0,230.0
2026-07-02,AMD,2026-07-31,CALL,625.0,12.0
2026-07-02,AMD,2026-07-31,CALL,630.0,321.0
2026-07-02,AMD,2026-07-31,CALL,640.0,47.0
2026-07-02,AMD,2026-07-31,CALL,650.0,117.0
2026-07-02,AMD,2026-07-31,CALL,660.0,34.0
2026-07-02,AMD,2026-07-31,CALL,670.0,73.0
2026-07-02,AMD,2026-07-31,CALL,680.0,65.0
2026-07-02,AMD,2026-07-31,CALL,690.0,41.0
2026-07-02,AMD,2026-07-31,CALL,700.0,156.0
2026-07-02,AMD,2026-07-31,CALL,710.0,32.0
2026-07-02,AMD,2026-07-31,CALL,720.0,1356.0
2026-07-02,AMD,2026-07-31,CALL,730.0,34.0
2026-07-02,AMD,2026-07-31,CALL,740.0,14.0
2026-07-02,AMD,2026-07-31,CALL,750.0,68.0
2026-07-02,AMD,2026-07-31,CALL,760.0,16.0
2026-07-02,AMD,2026-07-31,CALL,770.0,15.0
2026-07-02,AMD,2026-07-31,CALL,780.0,57.0
2026-07-02,AMD,2026-07-31,CALL,790.0,2.0
2026-07-02,AMD,2026-07-31,CALL,800.0,93.0
2026-07-02,AMD,2026-07-31,CALL,810.0,1.0
2026-07-02,AMD,2026-07-31,CALL,820.0,1.0
2026-07-02,AMD,2026-07-31,CALL,830.0,1.0
2026-07-02,AMD,2026-07-31,CALL,840.0,5.0
2026-07-02,AMD,2026-07-31,CALL,850.0,24.0
2026-07-02,AMD,2026-07-31,CALL,860.0,1.0
2026-07-02,AMD,2026-07-31,CALL,870.0,32.0
2026-07-02,AMD,2026-07-31,CALL,880.0,26.0
2026-07-02,AMD,2026-07-31,CALL,890.0,
2026-07-02,AMD,2026-07-31,CALL,900.0,3.0
2026-07-02,AMD,2026-07-31,CALL,920.0,1.0
2026-07-02,AMD,2026-07-31,CALL,930.0,40.0
2026-07-02,AMD,2026-07-31,CALL,940.0,1.0
2026-07-02,AMD,2026-07-31,CALL,950.0,1.0
2026-07-02,AMD,2026-07-31,CALL,960.0,2.0
2026-07-02,AMD,2026-07-31,CALL,1000.0,1.0
2026-07-02,AMD,2026-07-31,CALL,1010.0,1.0
2026-07-02,AMD,2026-07-31,CALL,1040.0,10.0
2026-07-02,AMD,2026-07-31,CALL,1080.0,2.0
2026-07-02,AMD,2026-07-31,CALL,1100.0,1.0
2026-07-02,AMD,2026-07-31,CALL,1110.0,107.0
2026-07-02,AMD,2026-07-31,CALL,1120.0,5.0
2026-07-02,AMD,2026-07-31,PUT,45.0,1.0
2026-07-02,AMD,2026-07-31,PUT,100.0,
2026-07-02,AMD,2026-07-31,PUT,135.0,1.0
2026-07-02,AMD,2026-07-31,PUT,140.0,1.0
2026-07-02,AMD,2026-07-31,PUT,150.0,
2026-07-02,AMD,2026-07-31,PUT,155.0,
2026-07-02,AMD,2026-07-31,PUT,170.0,1.0
2026-07-02,AMD,2026-07-31,PUT,175.0,1.0
2026-07-02,AMD,2026-07-31,PUT,180.0,4.0
2026-07-02,AMD,2026-07-31,PUT,185.0,2.0
2026-07-02,AMD,2026-07-31,PUT,190.0,1.0
2026-07-02,AMD,2026-07-31,PUT,195.0,5.0
2026-07-02,AMD,2026-07-31,PUT,200.0,1.0
2026-07-02,AMD,2026-07-31,PUT,205.0,2.0
2026-07-02,AMD,2026-07-31,PUT,210.0,2.0
2026-07-02,AMD,2026-07-31,PUT,215.0,4.0
2026-07-02,AMD,2026-07-31,PUT,220.0,1.0
2026-07-02,AMD,2026-07-31,PUT,225.0,1.0
2026-07-02,AMD,2026-07-31,PUT,230.0,1.0
2026-07-02,AMD,2026-07-31,PUT,235.0,1.0
2026-07-02,AMD,2026-07-31,PUT,240.0,7.0
2026-07-02,AMD,2026-07-31,PUT,245.0,1.0
2026-07-02,AMD,2026-07-31,PUT,250.0,101.0
2026-07-02,AMD,2026-07-31,PUT,255.0,4.0
2026-07-02,AMD,2026-07-31,PUT,260.0,5.0
2026-07-02,AMD,2026-07-31,PUT,265.0,5.0
2026-07-02,AMD,2026-07-31,PUT,270.0,1.0
2026-07-02,AMD,2026-07-31,PUT,275.0,2.0
2026-07-02,AMD,2026-07-31,PUT,280.0,1.0
2026-07-02,AMD,2026-07-31,PUT,285.0,1.0
2026-07-02,AMD,2026-07-31,PUT,290.0,5.0
2026-07-02,AMD,2026-07-31,PUT,295.0,8.0
2026-07-02,AMD,2026-07-31,PUT,300.0,1.0
2026-07-02,AMD,2026-07-31,PUT,305.0,1.0
2026-07-02,AMD,2026-07-31,PUT,310.0,8.0
2026-07-02,AMD,2026-07-31,PUT,315.0,9.0
2026-07-02,AMD,2026-07-31,PUT,320.0,7.0
2026-07-02,AMD,2026-07-31,PUT,325.0,11.0
2026-07-02,AMD,2026-07-31,PUT,330.0,5.0
2026-07-02,AMD,2026-07-31,PUT,335.0,1.0
2026-07-02,AMD,2026-07-31,PUT,340.0,3.0
2026-07-02,AMD,2026-07-31,PUT,345.0,1.0
2026-07-02,AMD,2026-07-31,PUT,350.0,14.0
2026-07-02,AMD,2026-07-31,PUT,355.0,4.0
2026-07-02,AMD,2026-07-31,PUT,360.0,9.0
2026-07-02,AMD,2026-07-31,PUT,365.0,23.0
2026-07-02,AMD,2026-07-31,PUT,370.0,4.0
2026-07-02,AMD,2026-07-31,PUT,375.0,4.0
2026-07-02,AMD,2026-07-31,PUT,380.0,5.0
2026-07-02,AMD,2026-07-31,PUT,385.0,17.0
2026-07-02,AMD,2026-07-31,PUT,390.0,16.0
2026-07-02,AMD,2026-07-31,PUT,395.0,1.0
2026-07-02,AMD,2026-07-31,PUT,400.0,179.0
2026-07-02,AMD,2026-07-31,PUT,405.0,26.0
2026-07-02,AMD,2026-07-31,PUT,410.0,34.0
2026-07-02,AMD,2026-07-31,PUT,415.0,12.0
2026-07-02,AMD,2026-07-31,PUT,420.0,66.0
2026-07-02,AMD,2026-07-31,PUT,425.0,40.0
2026-07-02,AMD,2026-07-31,PUT,430.0,108.0
2026-07-02,AMD,2026-07-31,PUT,435.0,38.0
2026-07-02,AMD,2026-07-31,PUT,440.0,49.0
2026-07-02,AMD,2026-07-31,PUT,445.0,42.0
2026-07-02,AMD,2026-07-31,PUT,450.0,342.0
2026-07-02,AMD,2026-07-31,PUT,455.0,38.0
2026-07-02,AMD,2026-07-31,PUT,460.0,74.0
2026-07-02,AMD,2026-07-31,PUT,465.0,226.0
2026-07-02,AMD,2026-07-31,PUT,470.0,229.0
2026-07-02,AMD,2026-07-31,PUT,475.0,77.0
2026-07-02,AMD,2026-07-31,PUT,480.0,129.0
2026-07-02,AMD,2026-07-31,PUT,485.0,16.0
2026-07-02,AMD,2026-07-31,PUT,490.0,101.0
2026-07-02,AMD,2026-07-31,PUT,495.0,111.0
2026-07-02,AMD,2026-07-31,PUT,500.0,175.0
2026-07-02,AMD,2026-07-31,PUT,505.0,16.0
2026-07-02,AMD,2026-07-31,PUT,510.0,48.0
2026-07-02,AMD,2026-07-31,PUT,515.0,45.0
2026-07-02,AMD,2026-07-31,PUT,520.0,61.0
2026-07-02,AMD,2026-07-31,PUT,525.0,26.0
2026-07-02,AMD,2026-07-31,PUT,530.0,72.0
2026-07-02,AMD,2026-07-31,PUT,535.0,29.0
2026-07-02,AMD,2026-07-31,PUT,540.0,167.0
2026-07-02,AMD,2026-07-31,PUT,545.0,10.0
2026-07-02,AMD,2026-07-31,PUT,550.0,135.0
2026-07-02,AMD,2026-07-31,PUT,555.0,48.0
2026-07-02,AMD,2026-07-31,PUT,560.0,52.0
2026-07-02,AMD,2026-07-31,PUT,565.0,13.0
2026-07-02,AMD,2026-07-31,PUT,570.0,9.0
2026-07-02,AMD,2026-07-31,PUT,580.0,38.0
2026-07-02,AMD,2026-07-31,PUT,590.0,12.0
2026-07-02,AMD,2026-07-31,PUT,600.0,23.0
2026-07-02,AMD,2026-07-31,PUT,605.0,20.0
2026-07-02,AMD,2026-07-31,PUT,620.0,2.0
2026-07-02,AMD,2026-07-31,PUT,630.0,1.0
2026-07-02,AMD,2026-07-31,PUT,650.0,
2026-07-02,AMD,2026-07-31,PUT,660.0,4.0
2026-07-02,AMD,2026-07-31,PUT,670.0,2.0
2026-07-02,AMD,2026-07-31,PUT,680.0,8.0
2026-07-02,AMD,2026-07-31,PUT,980.0,4.0
2026-07-02,AMZN,2026-07-31,CALL,140.0,2.0
2026-07-02,AMZN,2026-07-31,CALL,145.0,11.0
2026-07-02,AMZN,2026-07-31,CALL,150.0,14.0
2026-07-02,AMZN,2026-07-31,CALL,155.0,11.0
2026-07-02,AMZN,2026-07-31,CALL,160.0,9.0
2026-07-02,AMZN,2026-07-31,CALL,165.0,4.0
2026-07-02,AMZN,2026-07-31,CALL,170.0,5.0
2026-07-02,AMZN,2026-07-31,CALL,175.0,4.0
2026-07-02,AMZN,2026-07-31,CALL,180.0,20.0
2026-07-02,AMZN,2026-07-31,CALL,185.0,3.0
2026-07-02,AMZN,2026-07-31,CALL,190.0,1.0
2026-07-02,AMZN,2026-07-31,CALL,195.0,1.0
2026-07-02,AMZN,2026-07-31,CALL,200.0,5.0
2026-07-02,AMZN,2026-07-31,CALL,205.0,56.0
2026-07-02,AMZN,2026-07-31,CALL,210.0,15.0
2026-07-02,AMZN,2026-07-31,CALL,215.0,2.0
2026-07-02,AMZN,2026-07-31,CALL,220.0,24.0
2026-07-02,AMZN,2026-07-31,CALL,225.0,64.0
2026-07-02,AMZN,2026-07-31,CALL,230.0,105.0
2026-07-02,AMZN,2026-07-31,CALL,235.0,188.0
2026-07-02,AMZN,2026-07-31,CALL,240.0,641.0
2026-07-02,AMZN,2026-07-31,CALL,245.0,629.0
2026-07-02,AMZN,2026-07-31,CALL,250.0,631.0
2026-07-02,AMZN,2026-07-31,CALL,255.0,440.0
2026-07-02,AMZN,2026-07-31,CALL,260.0,1016.0
2026-07-02,AMZN,2026-07-31,CALL,265.0,326.0
2026-07-02,AMZN,2026-07-31,CALL,270.0,508.0
2026-07-02,AMZN,2026-07-31,CALL,275.0,448.0
2026-07-02,AMZN,2026-07-31,CALL,280.0,220.0
2026-07-02,AMZN,2026-07-31,CALL,285.0,285.0
2026-07-02,AMZN,2026-07-31,CALL,290.0,206.0
2026-07-02,AMZN,2026-07-31,CALL,295.0,4.0
2026-07-02,AMZN,2026-07-31,CALL,300.0,186.0
2026-07-02,AMZN,2026-07-31,CALL,305.0,3.0
2026-07-02,AMZN,2026-07-31,CALL,310.0,16.0
2026-07-02,AMZN,2026-07-31,CALL,315.0,15.0
2026-07-02,AMZN,2026-07-31,CALL,325.0,3.0
2026-07-02,AMZN,2026-07-31,CALL,330.0,1.0
2026-07-02,AMZN,2026-07-31,CALL,335.0,20.0
2026-07-02,AMZN,2026-07-31,CALL,340.0,1.0
2026-07-02,AMZN,2026-07-31,CALL,345.0,5.0
2026-07-02,AMZN,2026-07-31,CALL,350.0,2.0
2026-07-02,AMZN,2026-07-31,CALL,355.0,1.0
2026-07-02,AMZN,2026-07-31,PUT,140.0,39.0
2026-07-02,AMZN,2026-07-31,PUT,145.0,10.0
2026-07-02,AMZN,2026-07-31,PUT,150.0,1.0
2026-07-02,AMZN,2026-07-31,PUT,155.0,1.0
2026-07-02,AMZN,2026-07-31,PUT,160.0,1.0
2026-07-02,AMZN,2026-07-31,PUT,165.0,2.0
2026-07-02,AMZN,2026-07-31,PUT,170.0,5.0
2026-07-02,AMZN,2026-07-31,PUT,175.0,28.0
2026-07-02,AMZN,2026-07-31,PUT,180.0,32.0
2026-07-02,AMZN,2026-07-31,PUT,185.0,2.0
2026-07-02,AMZN,2026-07-31,PUT,190.0,2008.0
2026-07-02,AMZN,2026-07-31,PUT,195.0,13.0
2026-07-02,AMZN,2026-07-31,PUT,200.0,99.0
2026-07-02,AMZN,2026-07-31,PUT,205.0,63.0
2026-07-02,AMZN,2026-07-31,PUT,210.0,150.0
2026-07-02,AMZN,2026-07-31,PUT,215.0,148.0
2026-07-02,AMZN,2026-07-31,PUT,220.0,133.0
2026-07-02,AMZN,2026-07-31,PUT,225.0,123.0
2026-07-02,AMZN,2026-07-31,PUT,230.0,124.0
2026-07-02,AMZN,2026-07-31,PUT,235.0,105.0
2026-07-02,AMZN,2026-07-31,PUT,240.0,209.0
2026-07-02,AMZN,2026-07-31,PUT,245.0,47.0
2026-07-02,AMZN,2026-07-31,PUT,250.0,21.0
2026-07-02,AMZN,2026-07-31,PUT,255.0,21.0
2026-07-02,AMZN,2026-07-31,PUT,260.0,25.0
2026-07-02,AMZN,2026-07-31,PUT,265.0,3.0
2026-07-02,AMZN,2026-07-31,PUT,270.0,7.0
2026-07-02,AMZN,2026-07-31,PUT,275.0,1.0
2026-07-02,AMZN,2026-07-31,PUT,280.0,34.0
2026-07-02,AMZN,2026-07-31,PUT,300.0,
2026-07-02,AVGO,2026-07-31,CALL,210.0,
2026-07-02,AVGO,2026-07-31,CALL,215.0,
2026-07-02,AVGO,2026-07-31,CALL,220.0,
2026-07-02,AVGO,2026-07-31,CALL,225.0,
2026-07-02,AVGO,2026-07-31,CALL,230.0,
2026-07-02,AVGO,2026-07-31,CALL,235.0,
2026-07-02,AVGO,2026-07-31,CALL,240.0,1.0
2026-07-02,AVGO,2026-07-31,CALL,245.0,
2026-07-02,AVGO,2026-07-31,CALL,250.0,1.0
2026-07-02,AVGO,2026-07-31,CALL,255.0,18.0
2026-07-02,AVGO,2026-07-31,CALL,260.0,7.0
2026-07-02,AVGO,2026-07-31,CALL,265.0,2.0
2026-07-02,AVGO,2026-07-31,CALL,270.0,1.0
2026-07-02,AVGO,2026-07-31,CALL,275.0,
2026-07-02,AVGO,2026-07-31,CALL,280.0,10.0
2026-07-02,AVGO,2026-07-31,CALL,285.0,
2026-07-02,AVGO,2026-07-31,CALL,290.0,7.0
2026-07-02,AVGO,2026-07-31,CALL,295.0,10.0
2026-07-02,AVGO,2026-07-31,CALL,300.0,12.0
2026-07-02,AVGO,2026-07-31,CALL,305.0,
2026-07-02,AVGO,2026-07-31,CALL,310.0,4.0
2026-07-02,AVGO,2026-07-31,CALL,315.0,9.0
2026-07-02,AVGO,2026-07-31,CALL,320.0,5.0
2026-07-02,AVGO,2026-07-31,CALL,325.0,2.0
2026-07-02,AVGO,2026-07-31,CALL,330.0,4.0
2026-07-02,AVGO,2026-07-31,CALL,335.0,8.0
2026-07-02,AVGO,2026-07-31,CALL,340.0,2.0
2026-07-02,AVGO,2026-07-31,CALL,345.0,2.0
2026-07-02,AVGO,2026-07-31,CALL,350.0,3.0
2026-07-02,AVGO,2026-07-31,CALL,360.0,10.0
2026-07-02,AVGO,2026-07-31,CALL,365.0,20.0
2026-07-02,AVGO,2026-07-31,CALL,370.0,176.0
2026-07-02,AVGO,2026-07-31,CALL,375.0,53.0
2026-07-02,AVGO,2026-07-31,CALL,380.0,135.0
2026-07-02,AVGO,2026-07-31,CALL,385.0,10.0
2026-07-02,AVGO,2026-07-31,CALL,390.0,108.0
2026-07-02,AVGO,2026-07-31,CALL,395.0,26.0
2026-07-02,AVGO,2026-07-31,CALL,400.0,150.0
2026-07-02,AVGO,2026-07-31,CALL,405.0,31.0
2026-07-02,AVGO,2026-07-31,CALL,410.0,76.0
2026-07-02,AVGO,2026-07-31,CALL,415.0,21.0
2026-07-02,AVGO,2026-07-31,CALL,420.0,157.0
2026-07-02,AVGO,2026-07-31,CALL,425.0,30.0
2026-07-02,AVGO,2026-07-31,CALL,430.0,65.0
2026-07-02,AVGO,2026-07-31,CALL,435.0,29.0
2026-07-02,AVGO,2026-07-31,CALL,440.0,31.0
2026-07-02,AVGO,2026-07-31,CALL,445.0,24.0
2026-07-02,AVGO,2026-07-31,CALL,450.0,72.0
2026-07-02,AVGO,2026-07-31,CALL,455.0,1.0
2026-07-02,AVGO,2026-07-31,CALL,460.0,9.0
2026-07-02,AVGO,2026-07-31,CALL,465.0,3.0
2026-07-02,AVGO,2026-07-31,CALL,470.0,5.0
2026-07-02,AVGO,2026-07-31,CALL,475.0,7.0
2026-07-02,AVGO,2026-07-31,CALL,480.0,7.0
2026-07-02,AVGO,2026-07-31,CALL,485.0,5.0
2026-07-02,AVGO,2026-07-31,CALL,490.0,1.0
2026-07-02,AVGO,2026-07-31,CALL,495.0,1.0
2026-07-02,AVGO,2026-07-31,CALL,500.0,43.0
2026-07-02,AVGO,2026-07-31,CALL,505.0,57.0
2026-07-02,AVGO,2026-07-31,CALL,510.0,3.0
2026-07-02,AVGO,2026-07-31,CALL,515.0,2.0
2026-07-02,AVGO,2026-07-31,CALL,520.0,5.0
2026-07-02,AVGO,2026-07-31,CALL,525.0,2.0
2026-07-02,AVGO,2026-07-31,CALL,530.0,10.0
2026-07-02,AVGO,2026-07-31,CALL,535.0,48.0
2026-07-02,AVGO,2026-07-31,CALL,540.0,1.0
2026-07-02,AVGO,2026-07-31,CALL,545.0,48.0
2026-07-02,AVGO,2026-07-31,CALL,550.0,41.0
2026-07-02,AVGO,2026-07-31,CALL,555.0,14.0
2026-07-02,AVGO,2026-07-31,CALL,560.0,1.0
2026-07-02,AVGO,2026-07-31,CALL,570.0,2.0
2026-07-02,AVGO,2026-07-31,PUT,210.0,3.0
2026-07-02,AVGO,2026-07-31,PUT,215.0,2.0
2026-07-02,AVGO,2026-07-31,PUT,220.0,14.0
2026-07-02,AVGO,2026-07-31,PUT,225.0,7.0
2026-07-02,AVGO,2026-07-31,PUT,230.0,2.0
2026-07-02,AVGO,2026-07-31,PUT,235.0,5.0
2026-07-02,AVGO,2026-07-31,PUT,240.0,78.0
2026-07-02,AVGO,2026-07-31,PUT,245.0,6.0
2026-07-02,AVGO,2026-07-31,PUT,250.0,72.0
2026-07-02,AVGO,2026-07-31,PUT,255.0,2.0
2026-07-02,AVGO,2026-07-31,PUT,260.0,7.0
2026-07-02,AVGO,2026-07-31,PUT,265.0,1.0
2026-07-02,AVGO,2026-07-31,PUT,270.0,10.0
2026-07-02,AVGO,2026-07-31,PUT,275.0,2.0
2026-07-02,AVGO,2026-07-31,PUT,280.0,8.0
2026-07-02,AVGO,2026-07-31,PUT,285.0,3.0
2026-07-02,AVGO,2026-07-31,PUT,290.0,20.0
2026-07-02,AVGO,2026-07-31,PUT,295.0,9.0
2026-07-02,AVGO,2026-07-31,PUT,300.0,34.0
2026-07-02,AVGO,2026-07-31,PUT,305.0,16.0
2026-07-02,AVGO,2026-07-31,PUT,310.0,50.0
2026-07-02,AVGO,2026-07-31,PUT,315.0,42.0
2026-07-02,AVGO,2026-07-31,PUT,320.0,56.0
2026-07-02,AVGO,2026-07-31,PUT,325.0,44.0
2026-07-02,AVGO,2026-07-31,PUT,330.0,85.0
2026-07-02,AVGO,2026-07-31,PUT,335.0,41.0
2026-07-02,AVGO,2026-07-31,PUT,340.0,31.0
2026-07-02,AVGO,2026-07-31,PUT,345.0,49.0
2026-07-02,AVGO,2026-07-31,PUT,350.0,81.0
2026-07-02,AVGO,2026-07-31,PUT,355.0,26.0
2026-07-02,AVGO,2026-07-31,PUT,360.0,75.0
2026-07-02,AVGO,2026-07-31,PUT,365.0,51.0
2026-07-02,AVGO,2026-07-31,PUT,370.0,232.0
2026-07-02,AVGO,2026-07-31,PUT,375.0,58.0
2026-07-02,AVGO,2026-07-31,PUT,380.0,5.0
2026-07-02,AVGO,2026-07-31,PUT,385.0,45.0
2026-07-02,AVGO,2026-07-31,PUT,390.0,11.0
2026-07-02,AVGO,2026-07-31,PUT,395.0,4.0
2026-07-02,AVGO,2026-07-31,PUT,400.0,9.0
2026-07-02,AVGO,2026-07-31,PUT,405.0,1.0
2026-07-02,AVGO,2026-07-31,PUT,410.0,3.0
2026-07-02,AVGO,2026-07-31,PUT,415.0,3.0
2026-07-02,AVGO,2026-07-31,PUT,420.0,16.0
2026-07-02,AVGO,2026-07-31,PUT,425.0,5.0
2026-07-02,AVGO,2026-07-31,PUT,430.0,30.0
2026-07-02,AVGO,2026-07-31,PUT,435.0,1.0
2026-07-02,AVGO,2026-07-31,PUT,440.0,1.0
2026-07-02,AVGO,2026-07-31,PUT,450.0,1.0
2026-07-02,AVGO,2026-07-31,PUT,455.0,
2026-07-02,AVGO,2026-07-31,PUT,460.0,2.0
2026-07-02,AVGO,2026-07-31,PUT,470.0,
2026-07-02,AVGO,2026-07-31,PUT,475.0,1.0
2026-07-02,AVGO,2026-07-31,PUT,480.0,
2026-07-02,AVGO,2026-07-31,PUT,485.0,1.0
2026-07-02,AVGO,2026-07-31,PUT,490.0,
2026-07-02,AVGO,2026-07-31,PUT,495.0,
2026-07-02,AVGO,2026-07-31,PUT,500.0,1.0
2026-07-02,AVGO,2026-07-31,PUT,525.0,
2026-07-02,AVGO,2026-07-31,PUT,530.0,
2026-07-02,AVGO,2026-07-31,PUT,535.0,
2026-07-02,AVGO,2026-07-31,PUT,540.0,3.0
2026-07-02,BAC,2026-07-31,CALL,30.0,10.0
2026-07-02,BAC,2026-07-31,CALL,50.0,70.0
2026-07-02,BAC,2026-07-31,CALL,51.0,50.0
2026-07-02,BAC,2026-07-31,CALL,52.0,101.0
2026-07-02,BAC,2026-07-31,CALL,53.0,18.0
2026-07-02,BAC,2026-07-31,CALL,54.0,7.0
2026-07-02,BAC,2026-07-31,CALL,55.0,14.0
2026-07-02,BAC,2026-07-31,CALL,56.0,2.0
2026-07-02,BAC,2026-07-31,CALL,57.0,65.0
2026-07-02,BAC,2026-07-31,CALL,58.0,147.0
2026-07-02,BAC,2026-07-31,CALL,59.0,125.0
2026-07-02,BAC,2026-07-31,CALL,60.0,189.0
2026-07-02,BAC,2026-07-31,CALL,61.0,143.0
2026-07-02,BAC,2026-07-31,CALL,62.0,108.0
2026-07-02,BAC,2026-07-31,CALL,63.0,1.0
2026-07-02,BAC,2026-07-31,CALL,64.0,6.0
2026-07-02,BAC,2026-07-31,CALL,65.0,35.0
2026-07-02,BAC,2026-07-31,CALL,66.0,3.0
2026-07-02,BAC,2026-07-31,CALL,67.0,
2026-07-02,BAC,2026-07-31,CALL,68.0,1.0
2026-07-02,BAC,2026-07-31,CALL,69.0,25.0
2026-07-02,BAC,2026-07-31,PUT,43.0,4.0
2026-07-02,BAC,2026-07-31,PUT,44.0,44.0
2026-07-02,BAC,2026-07-31,PUT,45.0,15.0
2026-07-02,BAC,2026-07-31,PUT,46.0,8.0
2026-07-02,BAC,2026-07-31,PUT,47.0,25.0
2026-07-02,BAC,2026-07-31,PUT,48.0,3.0
2026-07-02,BAC,2026-07-31,PUT,49.0,1.0
2026-07-02,BAC,2026-07-31,PUT,50.0,1.0
2026-07-02,BAC,2026-07-31,PUT,51.0,2.0
2026-07-02,BAC,2026-07-31,PUT,52.0,2.0
2026-07-02,BAC,2026-07-31,PUT,53.0,95.0
2026-07-02,BAC,2026-07-31,PUT,54.0,134.0
2026-07-02,BAC,2026-07-31,PUT,55.0,44.0
2026-07-02,BAC,2026-07-31,PUT,56.0,31.0
2026-07-02,BAC,2026-07-31,PUT,57.0,14.0
2026-07-02,BAC,2026-07-31,PUT,58.0,114.0
2026-07-02,BAC,2026-07-31,PUT,59.0,47.0
2026-07-02,BAC,2026-07-31,PUT,60.0,5.0
2026-07-02,BAC,2026-07-31,PUT,62.0,
2026-07-02,BAC,2026-07-31,PUT,67.0,2.0
2026-07-02,BAC,2026-07-31,PUT,68.0,2.0
2026-07-02,CVX,2026-07-31,CALL,110.0,
2026-07-02,CVX,2026-07-31,CALL,115.0,2.0
2026-07-02,CVX,2026-07-31,CALL,140.0,1.0
2026-07-02,CVX,2026-07-31,CALL,145.0,137.0
2026-07-02,CVX,2026-07-31,CALL,155.0,11.0
2026-07-02,CVX,2026-07-31,CALL,160.0,2.0
2026-07-02,CVX,2026-07-31,CALL,165.0,20.0
2026-07-02,CVX,2026-07-31,CALL,170.0,25.0
2026-07-02,CVX,2026-07-31,CALL,175.0,53.0
2026-07-02,CVX,2026-07-31,CALL,180.0,246.0
2026-07-02,CVX,2026-07-31,CALL,185.0,47.0
2026-07-02,CVX,2026-07-31,CALL,190.0,26.0
2026-07-02,CVX,2026-07-31,CALL,195.0,34.0
2026-07-02,CVX,2026-07-31,CALL,200.0,7.0
2026-07-02,CVX,2026-07-31,CALL,205.0,1.0
2026-07-02,CVX,2026-07-31,CALL,210.0,2.0
2026-07-02,CVX,2026-07-31,CALL,215.0,66.0
2026-07-02,CVX,2026-07-31,CALL,220.0,
2026-07-02,CVX,2026-07-31,CALL,230.0,100.0
2026-07-02,CVX,2026-07-31,PUT,130.0,15.0
2026-07-02,CVX,2026-07-31,PUT,135.0,241.0
2026-07-02,CVX,2026-07-31,PUT,140.0,2.0
2026-07-02,CVX,2026-07-31,PUT,145.0,1.0
2026-07-02,CVX,2026-07-31,PUT,150.0,17.0
2026-07-02,CVX,2026-07-31,PUT,155.0,128.0
2026-07-02,CVX,2026-07-31,PUT,160.0,89.0
2026-07-02,CVX,2026-07-31,PUT,165.0,10.0
2026-07-02,CVX,2026-07-31,PUT,170.0,42.0
2026-07-02,CVX,2026-07-31,PUT,175.0,22.0
2026-07-02,CVX,2026-07-31,PUT,180.0,12.0
2026-07-02,CVX,2026-07-31,PUT,185.0,10.0
2026-07-02,CVX,2026-07-31,PUT,190.0,24.0
2026-07-02,CVX,2026-07-31,PUT,195.0,2.0
2026-07-02,CVX,2026-07-31,PUT,200.0,42.0
2026-07-02,CVX,2026-07-31,PUT,205.0,5.0
2026-07-02,GOOG,2026-07-31,CALL,200.0,7.0
2026-07-02,GOOG,2026-07-31,CALL,205.0,16.0
2026-07-02,GOOG,2026-07-31,CALL,210.0,1.0
2026-07-02,GOOG,2026-07-31,CALL,215.0,14.0
2026-07-02,GOOG,2026-07-31,CALL,220.0,2.0
2026-07-02,GOOG,2026-07-31,CALL,225.0,6.0
2026-07-02,GOOG,2026-07-31,CALL,230.0,4.0
2026-07-02,GOOG,2026-07-31,CALL,235.0,4.0
2026-07-02,GOOG,2026-07-31,CALL,250.0,5.0
2026-07-02,GOOG,2026-07-31,CALL,255.0,2.0
2026-07-02,GOOG,2026-07-31,CALL,260.0,134.0
2026-07-02,GOOG,2026-07-31,CALL,265.0,134.0
2026-07-02,GOOG,2026-07-31,CALL,270.0,221.0
2026-07-02,GOOG,2026-07-31,CALL,275.0,220.0
2026-07-02,GOOG,2026-07-31,CALL,280.0,14.0
2026-07-02,GOOG,2026-07-31,CALL,285.0,14.0
2026-07-02,GOOG,2026-07-31,CALL,290.0,2.0
2026-07-02,GOOG,2026-07-31,CALL,295.0,1.0
2026-07-02,GOOG,2026-07-31,CALL,300.0,4.0
2026-07-02,GOOG,2026-07-31,CALL,305.0,13.0
2026-07-02,GOOG,2026-07-31,CALL,310.0,1.0
2026-07-02,GOOG,2026-07-31,CALL,315.0,2.0
2026-07-02,GOOG,2026-07-31,CALL,320.0,1.0
2026-07-02,GOOG,2026-07-31,CALL,325.0,25.0
2026-07-02,GOOG,2026-07-31,CALL,330.0,10.0
2026-07-02,GOOG,2026-07-31,CALL,335.0,2.0
2026-07-02,GOOG,2026-07-31,CALL,340.0,62.0
2026-07-02,GOOG,2026-07-31,CALL,345.0,8.0
2026-07-02,GOOG,2026-07-31,CALL,350.0,81.0
2026-07-02,GOOG,2026-07-31,CALL,355.0,58.0
2026-07-02,GOOG,2026-07-31,CALL,360.0,94.0
2026-07-02,GOOG,2026-07-31,CALL,365.0,43.0
2026-07-02,GOOG,2026-07-31,CALL,370.0,158.0
2026-07-02,GOOG,2026-07-31,CALL,375.0,91.0
2026-07-02,GOOG,2026-07-31,CALL,380.0,158.0
2026-07-02,GOOG,2026-07-31,CALL,385.0,18.0
2026-07-02,GOOG,2026-07-31,CALL,390.0,49.0
2026-07-02,GOOG,2026-07-31,CALL,395.0,119.0
2026-07-02,GOOG,2026-07-31,CALL,400.0,388.0
2026-07-02,GOOG,2026-07-31,CALL,405.0,154.0
2026-07-02,GOOG,2026-07-31,CALL,410.0,52.0
2026-07-02,GOOG,2026-07-31,CALL,415.0,32.0
2026-07-02,GOOG,2026-07-31,CALL,420.0,5.0
2026-07-02,GOOG,2026-07-31,CALL,425.0,48.0
2026-07-02,GOOG,2026-07-31,CALL,430.0,11.0
2026-07-02,GOOG,2026-07-31,CALL,435.0,13.0
2026-07-02,GOOG,2026-07-31,CALL,440.0,4.0
2026-07-02,GOOG,2026-07-31,CALL,445.0,1.0
2026-07-02,GOOG,2026-07-31,CALL,450.0,2.0
2026-07-02,GOOG,2026-07-31,CALL,455.0,14.0
2026-07-02,GOOG,2026-07-31,CALL,460.0,2.0
2026-07-02,GOOG,2026-07-31,CALL,465.0,3.0
2026-07-02,GOOG,2026-07-31,CALL,470.0,73.0
2026-07-02,GOOG,2026-07-31,CALL,480.0,63.0
2026-07-02,GOOG,2026-07-31,CALL,490.0,63.0
2026-07-02,GOOG,2026-07-31,PUT,200.0,9.0
2026-07-02,GOOG,2026-07-31,PUT,205.0,15.0
2026-07-02,GOOG,2026-07-31,PUT,210.0,15.0
2026-07-02,GOOG,2026-07-31,PUT,215.0,1.0
2026-07-02,GOOG,2026-07-31,PUT,220.0,2.0
2026-07-02,GOOG,2026-07-31,PUT,225.0,4.0
2026-07-02,GOOG,2026-07-31,PUT,230.0,2.0
2026-07-02,GOOG,2026-07-31,PUT,235.0,3.0
2026-07-02,GOOG,2026-07-31,PUT,240.0,4.0
2026-07-02,GOOG,2026-07-31,PUT,245.0,4.0
2026-07-02,GOOG,2026-07-31,PUT,250.0,2.0
2026-07-02,GOOG,2026-07-31,PUT,255.0,1.0
2026-07-02,GOOG,2026-07-31,PUT,260.0,1.0
2026-07-02,GOOG,2026-07-31,PUT,265.0,10.0
2026-07-02,GOOG,2026-07-31,PUT,270.0,50.0
2026-07-02,GOOG,2026-07-31,PUT,275.0,4.0
2026-07-02,GOOG,2026-07-31,PUT,280.0,4.0
2026-07-02,GOOG,2026-07-31,PUT,285.0,17.0
2026-07-02,GOOG,2026-07-31,PUT,290.0,5.0
2026-07-02,GOOG,2026-07-31,PUT,295.0,11.0
2026-07-02,GOOG,2026-07-31,PUT,300.0,45.0
2026-07-02,GOOG,2026-07-31,PUT,305.0,22.0
2026-07-02,GOOG,2026-07-31,PUT,310.0,45.0
2026-07-02,GOOG,2026-07-31,PUT,315.0,20.0
2026-07-02,GOOG,2026-07-31,PUT,320.0,93.0
2026-07-02,GOOG,2026-07-31,PUT,325.0,52.0
2026-07-02,GOOG,2026-07-31,PUT,330.0,61.0
2026-07-02,GOOG,2026-07-31,PUT,335.0,36.0
2026-07-02,GOOG,2026-07-31,PUT,340.0,61.0
2026-07-02,GOOG,2026-07-31,PUT,345.0,44.0
2026-07-02,GOOG,2026-07-31,PUT,350.0,56.0
2026-07-02,GOOG,2026-07-31,PUT,355.0,28.0
2026-07-02,GOOG,2026-07-31,PUT,360.0,2.0
2026-07-02,GOOG,2026-07-31,PUT,365.0,4.0
2026-07-02,GOOG,2026-07-31,PUT,370.0,1.0
2026-07-02,GOOG,2026-07-31,PUT,375.0,1.0
2026-07-02,GOOG,2026-07-31,PUT,380.0,182.0
2026-07-02,GOOG,2026-07-31,PUT,385.0,2.0
2026-07-02,GOOG,2026-07-31,PUT,390.0,5.0
2026-07-02,GOOG,2026-07-31,PUT,395.0,
2026-07-02,GOOG,2026-07-31,PUT,400.0,1.0
2026-07-02,GOOG,2026-07-31,PUT,430.0,1.0
2026-07-02,GOOGL,2026-07-31,CALL,140.0,1.0
2026-07-02,GOOGL,2026-07-31,CALL,205.0,7.0
2026-07-02,GOOGL,2026-07-31,CALL,210.0,10.0
2026-07-02,GOOGL,2026-07-31,CALL,215.0,10.0
2026-07-02,GOOGL,2026-07-31,CALL,220.0,1.0
2026-07-02,GOOGL,2026-07-31,CALL,225.0,12.0
2026-07-02,GOOGL,2026-07-31,CALL,230.0,1.0
2026-07-02,GOOGL,2026-07-31,CALL,235.0,5.0
2026-07-02,GOOGL,2026-07-31,CALL,240.0,6.0
2026-07-02,GOOGL,2026-07-31,CALL,245.0,3.0
2026-07-02,GOOGL,2026-07-31,CALL,250.0,4.0
2026-07-02,GOOGL,2026-07-31,CALL,255.0,1.0
2026-07-02,GOOGL,2026-07-31,CALL,260.0,4.0
2026-07-02,GOOGL,2026-07-31,CALL,265.0,2.0
2026-07-02,GOOGL,2026-07-31,CALL,270.0,154.0
2026-07-02,GOOGL,2026-07-31,CALL,275.0,154.0
2026-07-02,GOOGL,2026-07-31,CALL,280.0,5.0
2026-07-02,GOOGL,2026-07-31,CALL,285.0,5.0
2026-07-02,GOOGL,2026-07-31,CALL,290.0,4.0
2026-07-02,GOOGL,2026-07-31,CALL,295.0,3.0
2026-07-02,GOOGL,2026-07-31,CALL,300.0,8.0
2026-07-02,GOOGL,2026-07-31,CALL,305.0,
2026-07-02,GOOGL,2026-07-31,CALL,310.0,1.0
2026-07-02,GOOGL,2026-07-31,CALL,315.0,83.0
2026-07-02,GOOGL,2026-07-31,CALL,320.0,1.0
2026-07-02,GOOGL,2026-07-31,CALL,325.0,7.0
2026-07-02,GOOGL,2026-07-31,CALL,330.0,24.0
2026-07-02,GOOGL,2026-07-31,CALL,335.0,3.0
2026-07-02,GOOGL,2026-07-31,CALL,340.0,13.0
2026-07-02,GOOGL,2026-07-31,CALL,345.0,6.0
2026-07-02,GOOGL,2026-07-31,CALL,350.0,57.0
2026-07-02,GOOGL,2026-07-31,CALL,355.0,61.0
2026-07-02,GOOGL,2026-07-31,CALL,360.0,221.0
2026-07-02,GOOGL,2026-07-31,CALL,365.0,119.0
2026-07-02,GOOGL,2026-07-31,CALL,370.0,159.0
2026-07-02,GOOGL,2026-07-31,CALL,375.0,758.0
2026-07-02,GOOGL,2026-07-31,CALL,380.0,78.0
2026-07-02,GOOGL,2026-07-31,CALL,385.0,41.0
2026-07-02,GOOGL,2026-07-31,CALL,390.0,30.0
2026-07-02,GOOGL,2026-07-31,CALL,395.0,26.0
2026-07-02,GOOGL,2026-07-31,CALL,400.0,200.0
2026-07-02,GOOGL,2026-07-31,CALL,405.0,53.0
2026-07-02,GOOGL,2026-07-31,CALL,410.0,49.0
2026-07-02,GOOGL,2026-07-31,CALL,415.0,4.0
2026-07-02,GOOGL,2026-07-31,CALL,420.0,79.0
2026-07-02,GOOGL,2026-07-31,CALL,425.0,15.0
2026-07-02,GOOGL,2026-07-31,CALL,430.0,31.0
2026-07-02,GOOGL,2026-07-31,CALL,435.0,6.0
2026-07-02,GOOGL,2026-07-31,CALL,440.0,5.0
2026-07-02,GOOGL,2026-07-31,CALL,445.0,1.0
2026-07-02,GOOGL,2026-07-31,CALL,450.0,3.0
2026-07-02,GOOGL,2026-07-31,CALL,455.0,2.0
2026-07-02,GOOGL,2026-07-31,CALL,460.0,
2026-07-02,GOOGL,2026-07-31,CALL,465.0,4.0
2026-07-02,GOOGL,2026-07-31,CALL,475.0,1.0
2026-07-02,GOOGL,2026-07-31,CALL,480.0,
2026-07-02,GOOGL,2026-07-31,CALL,485.0,4.0
2026-07-02,GOOGL,2026-07-31,CALL,490.0,10.0
2026-07-02,GOOGL,2026-07-31,CALL,495.0,1.0
2026-07-02,GOOGL,2026-07-31,CALL,500.0,10.0
2026-07-02,GOOGL,2026-07-31,CALL,520.0,18.0
2026-07-02,GOOGL,2026-07-31,CALL,525.0,
2026-07-02,GOOGL,2026-07-31,CALL,545.0,
2026-07-02,GOOGL,2026-07-31,CALL,550.0,24.0
2026-07-02,GOOGL,2026-07-31,PUT,195.0,
2026-07-02,GOOGL,2026-07-31,PUT,200.0,1.0
2026-07-02,GOOGL,2026-07-31,PUT,205.0,5.0
2026-07-02,GOOGL,2026-07-31,PUT,210.0,12.0
2026-07-02,GOOGL,2026-07-31,PUT,215.0,9.0
2026-07-02,GOOGL,2026-07-31,PUT,220.0,2.0
2026-07-02,GOOGL,2026-07-31,PUT,225.0,22.0
2026-07-02,GOOGL,2026-07-31,PUT,230.0,2.0
2026-07-02,GOOGL,2026-07-31,PUT,235.0,16.0
2026-07-02,GOOGL,2026-07-31,PUT,240.0,63.0
2026-07-02,GOOGL,2026-07-31,PUT,245.0,26.0
2026-07-02,GOOGL,2026-07-31,PUT,250.0,2.0
2026-07-02,GOOGL,2026-07-31,PUT,255.0,2.0
2026-07-02,GOOGL,2026-07-31,PUT,260.0,14.0
2026-07-02,GOOGL,2026-07-31,PUT,265.0,3.0
2026-07-02,GOOGL,2026-07-31,PUT,270.0,10.0
2026-07-02,GOOGL,2026-07-31,PUT,275.0,5.0
2026-07-02,GOOGL,2026-07-31,PUT,280.0,22.0
2026-07-02,GOOGL,2026-07-31,PUT,285.0,3.0
2026-07-02,GOOGL,2026-07-31,PUT,290.0,173.0
2026-07-02,GOOGL,2026-07-31,PUT,295.0,21.0
2026-07-02,GOOGL,2026-07-31,PUT,300.0,47.0
2026-07-02,GOOGL,2026-07-31,PUT,305.0,21.0
2026-07-02,GOOGL,2026-07-31,PUT,310.0,38.0
2026-07-02,GOOGL,2026-07-31,PUT,315.0,20.0
2026-07-02,GOOGL,2026-07-31,PUT,320.0,117.0
2026-07-02,GOOGL,2026-07-31,PUT,325.0,56.0
2026-07-02,GOOGL,2026-07-31,PUT,330.0,77.0
2026-07-02,GOOGL,2026-07-31,PUT,335.0,87.0
2026-07-02,GOOGL,2026-07-31,PUT,340.0,98.0
2026-07-02,GOOGL,2026-07-31,PUT,345.0,52.0
2026-07-02,GOOGL,2026-07-31,PUT,350.0,74.0
2026-07-02,GOOGL,2026-07-31,PUT,355.0,241.0
2026-07-02,GOOGL,2026-07-31,PUT,360.0,239.0
2026-07-02,GOOGL,2026-07-31,PUT,365.0,8.0
2026-07-02,GOOGL,2026-07-31,PUT,370.0,75.0
2026-07-02,GOOGL,2026-07-31,PUT,375.0,12.0
2026-07-02,GOOGL,2026-07-31,PUT,380.0,20.0
2026-07-02,GOOGL,2026-07-31,PUT,385.0,1.0
2026-07-02,GOOGL,2026-07-31,PUT,390.0,1.0
2026-07-02,GOOGL,2026-07-31,PUT,395.0,2.0
2026-07-02,GOOGL,2026-07-31,PUT,400.0,
2026-07-02,GOOGL,2026-07-31,PUT,405.0,
2026-07-02,GOOGL,2026-07-31,PUT,410.0,2.0
2026-07-02,GOOGL,2026-07-31,PUT,415.0,
2026-07-02,GOOGL,2026-07-31,PUT,420.0,1.0
2026-07-02,GOOGL,2026-07-31,PUT,425.0,
2026-07-02,GOOGL,2026-07-31,PUT,430.0,
2026-07-02,GOOGL,2026-07-31,PUT,440.0,
2026-07-02,GOOGL,2026-07-31,PUT,455.0,
2026-07-02,HD,2026-07-31,CALL,270.0,2.0
2026-07-02,HD,2026-07-31,CALL,280.0,60.0
2026-07-02,HD,2026-07-31,CALL,285.0,
2026-07-02,HD,2026-07-31,CALL,290.0,2.0
2026-07-02,HD,2026-07-31,CALL,295.0,2.0
2026-07-02,HD,2026-07-31,CALL,300.0,
2026-07-02,HD,2026-07-31,CALL,305.0,1.0
2026-07-02,HD,2026-07-31,CALL,310.0,
2026-07-02,HD,2026-07-31,CALL,315.0,2.0
2026-07-02,HD,2026-07-31,CALL,320.0,20.0
2026-07-02,HD,2026-07-31,CALL,325.0,2.0
2026-07-02,HD,2026-07-31,CALL,330.0,4.0
2026-07-02,HD,2026-07-31,CALL,335.0,14.0
2026-07-02,HD,2026-07-31,CALL,340.0,24.0
2026-07-02,HD,2026-07-31,CALL,345.0,9.0
2026-07-02,HD,2026-07-31,CALL,350.0,9.0
2026-07-02,HD,2026-07-31,CALL,355.0,25.0
2026-07-02,HD,2026-07-31,CALL,360.0,37.0
2026-07-02,HD,2026-07-31,CALL,365.0,5.0
2026-07-02,HD,2026-07-31,CALL,370.0,19.0
2026-07-02,HD,2026-07-31,CALL,375.0,15.0
2026-07-02,HD,2026-07-31,CALL,380.0,3.0
2026-07-02,HD,2026-07-31,CALL,385.0,672.0
2026-07-02,HD,2026-07-31,CALL,390.0,1.0
2026-07-02,HD,2026-07-31,CALL,395.0,60.0
2026-07-02,HD,2026-07-31,CALL,400.0,5.0
2026-07-02,HD,2026-07-31,CALL,415.0,47.0
2026-07-02,HD,2026-07-31,CALL,425.0,12.0
2026-07-02,HD,2026-07-31,CALL,430.0,2.0
2026-07-02,HD,2026-07-31,CALL,435.0,32.0
2026-07-02,HD,2026-07-31,PUT,240.0,1.0
2026-07-02,HD,2026-07-31,PUT,245.0,
2026-07-02,HD,2026-07-31,PUT,250.0,40.0
2026-07-02,HD,2026-07-31,PUT,255.0,
2026-07-02,HD,2026-07-31,PUT,260.0,554.0
2026-07-02,HD,2026-07-31,PUT,265.0,1.0
2026-07-02,HD,2026-07-31,PUT,270.0,93.0
2026-07-02,HD,2026-07-31,PUT,275.0,1.0
2026-07-02,HD,2026-07-31,PUT,285.0,52.0
2026-07-02,HD,2026-07-31,PUT,290.0,2.0
2026-07-02,HD,2026-07-31,PUT,295.0,27.0
2026-07-02,HD,2026-07-31,PUT,300.0,60.0
2026-07-02,HD,2026-07-31,PUT,305.0,44.0
2026-07-02,HD,2026-07-31,PUT,310.0,200.0
2026-07-02,HD,2026-07-31,PUT,315.0,15.0
2026-07-02,HD,2026-07-31,PUT,320.0,989.0
2026-07-02,HD,2026-07-31,PUT,325.0,20.0
2026-07-02,HD,2026-07-31,PUT,330.0,82.0
2026-07-02,HD,2026-07-31,PUT,335.0,162.0
2026-07-02,HD,2026-07-31,PUT,340.0,7.0
2026-07-02,HD,2026-07-31,PUT,345.0,29.0
2026-07-02,HD,2026-07-31,PUT,350.0,16.0
2026-07-02,HD,2026-07-31,PUT,355.0,
2026-07-02,HD,2026-07-31,PUT,360.0,4.0
2026-07-02,HD,2026-07-31,PUT,365.0,10.0
2026-07-02,HD,2026-07-31,PUT,370.0,1.0
2026-07-02,HD,2026-07-31,PUT,380.0,
2026-07-02,HD,2026-07-31,PUT,390.0,5.0
2026-07-02,HD,2026-07-31,PUT,435.0,
2026-07-02,JNJ,2026-07-31,CALL,125.0,
2026-07-02,JNJ,2026-07-31,CALL,160.0,
2026-07-02,JNJ,2026-07-31,CALL,185.0,
2026-07-02,JNJ,2026-07-31,CALL,190.0,
2026-07-02,JNJ,2026-07-31,CALL,200.0,2.0
2026-07-02,JNJ,2026-07-31,CALL,205.0,120.0
2026-07-02,JNJ,2026-07-31,CALL,210.0,1.0
2026-07-02,JNJ,2026-07-31,CALL,215.0,
2026-07-02,JNJ,2026-07-31,CALL,220.0,2.0
2026-07-02,JNJ,2026-07-31,CALL,225.0,2.0
2026-07-02,JNJ,2026-07-31,CALL,230.0,1.0
2026-07-02,JNJ,2026-07-31,CALL,235.0,2.0
2026-07-02,JNJ,2026-07-31,CALL,240.0,5.0
2026-07-02,JNJ,2026-07-31,CALL,245.0,1.0
2026-07-02,JNJ,2026-07-31,CALL,250.0,42.0
2026-07-02,JNJ,2026-07-31,CALL,255.0,4.0
2026-07-02,JNJ,2026-07-31,CALL,260.0,1.0
2026-07-02,JNJ,2026-07-31,CALL,265.0,8.0
2026-07-02,JNJ,2026-07-31,CALL,270.0,14.0
2026-07-02,JNJ,2026-07-31,CALL,275.0,2.0
2026-07-02,JNJ,2026-07-31,CALL,280.0,3.0
2026-07-02,JNJ,2026-07-31,CALL,285.0,104.0
2026-07-02,JNJ,2026-07-31,CALL,290.0,44.0
2026-07-02,JNJ,2026-07-31,CALL,295.0,2.0
2026-07-02,JNJ,2026-07-31,CALL,300.0,
2026-07-02,JNJ,2026-07-31,PUT,175.0,165.0
2026-07-02,JNJ,2026-07-31,PUT,180.0,1.0
2026-07-02,JNJ,2026-07-31,PUT,185.0,3.0
2026-07-02,JNJ,2026-07-31,PUT,190.0,22.0
2026-07-02,JNJ,2026-07-31,PUT,195.0,250.0
2026-07-02,JNJ,2026-07-31,PUT,200.0,281.0
2026-07-02,JNJ,2026-07-31,PUT,205.0,26.0
2026-07-02,JNJ,2026-07-31,PUT,210.0,4.0
2026-07-02,JNJ,2026-07-31,PUT,215.0,431.0
2026-07-02,JNJ,2026-07-31,PUT,220.0,1.0
2026-07-02,JNJ,2026-07-31,PUT,225.0,2.0
2026-07-02,JNJ,2026-07-31,PUT,230.0,146.0
2026-07-02,JNJ,2026-07-31,PUT,235.0,16.0
2026-07-02,JNJ,2026-07-31,PUT,240.0,30.0
2026-07-02,JNJ,2026-07-31,PUT,245.0,1.0
2026-07-02,JNJ,2026-07-31,PUT,250.0,2.0
2026-07-02,JNJ,2026-07-31,PUT,255.0,12.0
2026-07-02,JNJ,2026-07-31,PUT,260.0,1.0
2026-07-02,JNJ,2026-07-31,PUT,280.0,
2026-07-02,JPM,2026-07-31,CALL,210.0,1.0
2026-07-02,JPM,2026-07-31,CALL,260.0,1.0
2026-07-02,JPM,2026-07-31,CALL,280.0,
2026-07-02,JPM,2026-07-31,CALL,290.0,1.0
2026-07-02,JPM,2026-07-31,CALL,295.0,2.0
2026-07-02,JPM,2026-07-31,CALL,300.0,3.0
2026-07-02,JPM,2026-07-31,CALL,305.0,1.0
2026-07-02,JPM,2026-07-31,CALL,310.0,1.0
2026-07-02,JPM,2026-07-31,CALL,315.0,2.0
2026-07-02,JPM,2026-07-31,CALL,320.0,1.0
2026-07-02,JPM,2026-07-31,CALL,325.0,3.0
2026-07-02,JPM,2026-07-31,CALL,330.0,17.0
2026-07-02,JPM,2026-07-31,CALL,335.0,38.0
2026-07-02,JPM,2026-07-31,CALL,340.0,210.0
2026-07-02,JPM,2026-07-31,CALL,345.0,35.0
2026-07-02,JPM,2026-07-31,CALL,350.0,357.0
2026-07-02,JPM,2026-07-31,CALL,355.0,73.0
2026-07-02,JPM,2026-07-31,CALL,360.0,10.0
2026-07-02,JPM,2026-07-31,CALL,365.0,1.0
2026-07-02,JPM,2026-07-31,CALL,370.0,13.0
2026-07-02,JPM,2026-07-31,CALL,375.0,35.0
2026-07-02,JPM,2026-07-31,CALL,380.0,2.0
2026-07-02,JPM,2026-07-31,CALL,390.0,
2026-07-02,JPM,2026-07-31,CALL,395.0,
2026-07-02,JPM,2026-07-31,CALL,405.0,
2026-07-02,JPM,2026-07-31,PUT,205.0,
2026-07-02,JPM,2026-07-31,PUT,225.0,9.0
2026-07-02,JPM,2026-07-31,PUT,230.0,
2026-07-02,JPM,2026-07-31,PUT,235.0,
2026-07-02,JPM,2026-07-31,PUT,240.0,2.0
2026-07-02,JPM,2026-07-31,PUT,250.0,1.0
2026-07-02,JPM,2026-07-31,PUT,260.0,14.0
2026-07-02,JPM,2026-07-31,PUT,265.0,1.0
2026-07-02,JPM,2026-07-31,PUT,270.0,5.0
2026-07-02,JPM,2026-07-31,PUT,275.0,2.0
2026-07-02,JPM,2026-07-31,PUT,280.0,4.0
2026-07-02,JPM,2026-07-31,PUT,285.0,3.0
2026-07-02,JPM,2026-07-31,PUT,290.0,10.0
2026-07-02,JPM,2026-07-31,PUT,295.0,18.0
2026-07-02,JPM,2026-07-31,PUT,300.0,10.0
2026-07-02,JPM,2026-07-31,PUT,305.0,20.0
2026-07-02,JPM,2026-07-31,PUT,310.0,10.0
2026-07-02,JPM,2026-07-31,PUT,315.0,42.0
2026-07-02,JPM,2026-07-31,PUT,320.0,52.0
2026-07-02,JPM,2026-07-31,PUT,325.0,52.0
2026-07-02,JPM,2026-07-31,PUT,330.0,28.0
2026-07-02,JPM,2026-07-31,PUT,335.0,25.0
2026-07-02,JPM,2026-07-31,PUT,340.0,1.0
2026-07-02,JPM,2026-07-31,PUT,360.0,
2026-07-02,KO,2026-07-31,CALL,72.0,
2026-07-02,KO,2026-07-31,CALL,74.0,
2026-07-02,KO,2026-07-31,CALL,76.0,
2026-07-02,KO,2026-07-31,CALL,77.0,4.0
2026-07-02,KO,2026-07-31,CALL,78.0,2.0
2026-07-02,KO,2026-07-31,CALL,79.0,1.0
2026-07-02,KO,2026-07-31,CALL,80.0,13.0
2026-07-02,KO,2026-07-31,CALL,81.0,39.0
2026-07-02,KO,2026-07-31,CALL,82.0,43.0
2026-07-02,KO,2026-07-31,CALL,83.0,37.0
2026-07-02,KO,2026-07-31,CALL,84.0,41.0
2026-07-02,KO,2026-07-31,CALL,85.0,12.0
2026-07-02,KO,2026-07-31,CALL,86.0,10.0
2026-07-02,KO,2026-07-31,CALL,87.0,2.0
2026-07-02,KO,2026-07-31,CALL,88.0,7.0
2026-07-02,KO,2026-07-31,CALL,89.0,1.0
2026-07-02,KO,2026-07-31,CALL,90.0,1.0
2026-07-02,KO,2026-07-31,CALL,91.0,25.0
2026-07-02,KO,2026-07-31,CALL,95.0,
2026-07-02,KO,2026-07-31,PUT,65.0,34.0
2026-07-02,KO,2026-07-31,PUT,69.0,
2026-07-02,KO,2026-07-31,PUT,70.0,2.0
2026-07-02,KO,2026-07-31,PUT,71.0,20.0
2026-07-02,KO,2026-07-31,PUT,72.0,1.0
2026-07-02,KO,2026-07-31,PUT,73.0,1.0
2026-07-02,KO,2026-07-31,PUT,74.0,6.0
2026-07-02,KO,2026-07-31,PUT,75.0,5.0
2026-07-02,KO,2026-07-31,PUT,76.0,17.0
2026-07-02,KO,2026-07-31,PUT,77.0,240.0
2026-07-02,KO,2026-07-31,PUT,78.0,74.0
2026-07-02,KO,2026-07-31,PUT,79.0,23.0
2026-07-02,KO,2026-07-31,PUT,80.0,12.0
2026-07-02,KO,2026-07-31,PUT,81.0,39.0
2026-07-02,KO,2026-07-31,PUT,82.0,30.0
2026-07-02,KO,2026-07-31,PUT,83.0,10.0
2026-07-02,KO,2026-07-31,PUT,84.0,1.0
2026-07-02,MA,2026-07-31,CALL,385.0,
2026-07-02,MA,2026-07-31,CALL,415.0,2.0
2026-07-02,MA,2026-07-31,CALL,420.0,16.0
2026-07-02,MA,2026-07-31,CALL,425.0,2.0
2026-07-02,MA,2026-07-31,CALL,430.0,18.0
2026-07-02,MA,2026-07-31,CALL,445.0,
2026-07-02,MA,2026-07-31,CALL,450.0,
2026-07-02,MA,2026-07-31,CALL,460.0,1.0
2026-07-02,MA,2026-07-31,CALL,465.0,1.0
2026-07-02,MA,2026-07-31,CALL,480.0,2.0
2026-07-02,MA,2026-07-31,CALL,485.0,20.0
2026-07-02,MA,2026-07-31,CALL,490.0,2.0
2026-07-02,MA,2026-07-31,CALL,495.0,4.0
2026-07-02,MA,2026-07-31,CALL,500.0,14.0
2026-07-02,MA,2026-07-31,CALL,505.0,3.0
2026-07-02,MA,2026-07-31,CALL,510.0,5.0
2026-07-02,MA,2026-07-31,CALL,515.0,6.0
2026-07-02,MA,2026-07-31,CALL,520.0,36.0
2026-07-02,MA,2026-07-31,CALL,525.0,9.0
2026-07-02,MA,2026-07-31,CALL,530.0,21.0
2026-07-02,MA,2026-07-31,CALL,535.0,14.0
2026-07-02,MA,2026-07-31,CALL,540.0,19.0
2026-07-02,MA,2026-07-31,CALL,545.0,5.0
2026-07-02,MA,2026-07-31,CALL,550.0,17.0
2026-07-02,MA,2026-07-31,CALL,555.0,10.0
2026-07-02,MA,2026-07-31,CALL,560.0,1.0
2026-07-02,MA,2026-07-31,CALL,565.0,60.0
2026-07-02,MA,2026-07-31,CALL,570.0,48.0
2026-07-02,MA,2026-07-31,CALL,575.0,29.0
2026-07-02,MA,2026-07-31,CALL,585.0,2.0
2026-07-02,MA,2026-07-31,CALL,590.0,
2026-07-02,MA,2026-07-31,CALL,595.0,4.0
2026-07-02,MA,2026-07-31,CALL,600.0,1.0
2026-07-02,MA,2026-07-31,PUT,320.0,4.0
2026-07-02,MA,2026-07-31,PUT,395.0,
2026-07-02,MA,2026-07-31,PUT,400.0,
2026-07-02,MA,2026-07-31,PUT,420.0,2.0
2026-07-02,MA,2026-07-31,PUT,425.0,6.0
2026-07-02,MA,2026-07-31,PUT,430.0,1.0
2026-07-02,MA,2026-07-31,PUT,435.0,1.0
2026-07-02,MA,2026-07-31,PUT,440.0,6.0
2026-07-02,MA,2026-07-31,PUT,445.0,10.0
2026-07-02,MA,2026-07-31,PUT,450.0,6.0
2026-07-02,MA,2026-07-31,PUT,455.0,8.0
2026-07-02,MA,2026-07-31,PUT,460.0,4.0
2026-07-02,MA,2026-07-31,PUT,465.0,8.0
2026-07-02,MA,2026-07-31,PUT,470.0,1.0
2026-07-02,MA,2026-07-31,PUT,475.0,3.0
2026-07-02,MA,2026-07-31,PUT,480.0,3.0
2026-07-02,MA,2026-07-31,PUT,485.0,16.0
2026-07-02,MA,2026-07-31,PUT,490.0,5.0
2026-07-02,MA,2026-07-31,PUT,495.0,28.0
2026-07-02,MA,2026-07-31,PUT,500.0,15.0
2026-07-02,MA,2026-07-31,PUT,505.0,21.0
2026-07-02,MA,2026-07-31,PUT,510.0,16.0
2026-07-02,MA,2026-07-31,PUT,520.0,4.0
2026-07-02,MA,2026-07-31,PUT,535.0,6.0
2026-07-02,MA,2026-07-31,PUT,540.0,1.0
2026-07-02,MA,2026-07-31,PUT,545.0,2.0
2026-07-02,MA,2026-07-31,PUT,550.0,1.0
2026-07-02,MA,2026-07-31,PUT,555.0,2.0
2026-07-02,MA,2026-07-31,PUT,565.0,4.0
2026-07-02,MSFT,2026-07-31,CALL,270.0,1.0
2026-07-02,MSFT,2026-07-31,CALL,280.0,2.0
2026-07-02,MSFT,2026-07-31,CALL,290.0,1.0
2026-07-02,MSFT,2026-07-31,CALL,300.0,2.0
2026-07-02,MSFT,2026-07-31,CALL,305.0,15.0
2026-07-02,MSFT,2026-07-31,CALL,310.0,4.0
2026-07-02,MSFT,2026-07-31,CALL,315.0,4.0
2026-07-02,MSFT,2026-07-31,CALL,320.0,15.0
2026-07-02,MSFT,2026-07-31,CALL,325.0,20.0
2026-07-02,MSFT,2026-07-31,CALL,330.0,11.0
2026-07-02,MSFT,2026-07-31,CALL,335.0,5.0
2026-07-02,MSFT,2026-07-31,CALL,340.0,53.0
2026-07-02,MSFT,2026-07-31,CALL,345.0,32.0
2026-07-02,MSFT,2026-07-31,CALL,350.0,161.0
2026-07-02,MSFT,2026-07-31,CALL,355.0,272.0
2026-07-02,MSFT,2026-07-31,CALL,360.0,45.0
2026-07-02,MSFT,2026-07-31,CALL,365.0,57.0
2026-07-02,MSFT,2026-07-31,CALL,370.0,377.0
2026-07-02,MSFT,2026-07-31,CALL,375.0,293.0
2026-07-02,MSFT,2026-07-31,CALL,380.0,666.0
2026-07-02,MSFT,2026-07-31,CALL,385.0,580.0
2026-07-02,MSFT,2026-07-31,CALL,390.0,726.0
2026-07-02,MSFT,2026-07-31,CALL,395.0,176.0
2026-07-02,MSFT,2026-07-31,CALL,400.0,1808.0
2026-07-02,MSFT,2026-07-31,CALL,405.0,200.0
2026-07-02,MSFT,2026-07-31,CALL,410.0,508.0
2026-07-02,MSFT,2026-07-31,CALL,415.0,292.0
2026-07-02,MSFT,2026-07-31,CALL,420.0,991.0
2026-07-02,MSFT,2026-07-31,CALL,425.0,291.0
2026-07-02,MSFT,2026-07-31,CALL,430.0,508.0
2026-07-02,MSFT,2026-07-31,CALL,435.0,104.0
2026-07-02,MSFT,2026-07-31,CALL,440.0,312.0
2026-07-02,MSFT,2026-07-31,CALL,445.0,69.0
2026-07-02,MSFT,2026-07-31,CALL,450.0,886.0
2026-07-02,MSFT,2026-07-31,CALL,455.0,63.0
2026-07-02,MSFT,2026-07-31,CALL,460.0,248.0
2026-07-02,MSFT,2026-07-31,CALL,465.0,51.0
2026-07-02,MSFT,2026-07-31,CALL,470.0,54.0
2026-07-02,MSFT,2026-07-31,CALL,475.0,72.0
2026-07-02,MSFT,2026-07-31,CALL,480.0,267.0
2026-07-02,MSFT,2026-07-31,CALL,485.0,4.0
2026-07-02,MSFT,2026-07-31,CALL,490.0,72.0
2026-07-02,MSFT,2026-07-31,CALL,495.0,12.0
2026-07-02,MSFT,2026-07-31,CALL,500.0,227.0
2026-07-02,MSFT,2026-07-31,CALL,505.0,12.0
2026-07-02,MSFT,2026-07-31,CALL,510.0,13.0
2026-07-02,MSFT,2026-07-31,CALL,515.0,108.0
2026-07-02,MSFT,2026-07-31,CALL,520.0,72.0
2026-07-02,MSFT,2026-07-31,CALL,525.0,110.0
2026-07-02,MSFT,2026-07-31,CALL,530.0,105.0
2026-07-02,MSFT,2026-07-31,CALL,535.0,4.0
2026-07-02,MSFT,2026-07-31,CALL,540.0,4.0
2026-07-02,MSFT,2026-07-31,CALL,545.0,2.0
2026-07-02,MSFT,2026-07-31,CALL,550.0,22.0
2026-07-02,MSFT,2026-07-31,CALL,555.0,26.0
2026-07-02,MSFT,2026-07-31,CALL,560.0,8.0
2026-07-02,MSFT,2026-07-31,CALL,570.0,14.0
2026-07-02,MSFT,2026-07-31,CALL,580.0,7.0
2026-07-02,MSFT,2026-07-31,PUT,270.0,2.0
2026-07-02,MSFT,2026-07-31,PUT,280.0,3.0
2026-07-02,MSFT,2026-07-31,PUT,290.0,26.0
2026-07-02,MSFT,2026-07-31,PUT,300.0,66.0
2026-07-02,MSFT,2026-07-31,PUT,305.0,36.0
2026-07-02,MSFT,2026-07-31,PUT,310.0,70.0
2026-07-02,MSFT,2026-07-31,PUT,315.0,21.0
2026-07-02,MSFT,2026-07-31,PUT,320.0,113.0
2026-07-02,MSFT,2026-07-31,PUT,325.0,77.0
2026-07-02,MSFT,2026-07-31,PUT,330.0,244.0
2026-07-02,MSFT,2026-07-31,PUT,335.0,148.0
2026-07-02,MSFT,2026-07-31,PUT,340.0,245.0
2026-07-02,MSFT,2026-07-31,PUT,345.0,198.0
2026-07-02,MSFT,2026-07-31,PUT,350.0,449.0
2026-07-02,MSFT,2026-07-31,PUT,355.0,198.0
2026-07-02,MSFT,2026-07-31,PUT,360.0,218.0
2026-07-02,MSFT,2026-07-31,PUT,365.0,124.0
2026-07-02,MSFT,2026-07-31,PUT,370.0,161.0
2026-07-02,MSFT,2026-07-31,PUT,375.0,334.0
2026-07-02,MSFT,2026-07-31,PUT,380.0,402.0
2026-07-02,MSFT,2026-07-31,PUT,385.0,401.0
2026-07-02,MSFT,2026-07-31,PUT,390.0,359.0
2026-07-02,MSFT,2026-07-31,PUT,395.0,15.0
2026-07-02,MSFT,2026-07-31,PUT,400.0,49.0
2026-07-02,MSFT,2026-07-31,PUT,405.0,6.0
2026-07-02,MSFT,2026-07-31,PUT,410.0,2.0
2026-07-02,MSFT,2026-07-31,PUT,415.0,2.0
2026-07-02,MSFT,2026-07-31,PUT,420.0,14.0
2026-07-02,MSFT,2026-07-31,PUT,425.0,13.0
2026-07-02,MSFT,2026-07-31,PUT,430.0,12.0
2026-07-02,MSFT,2026-07-31,PUT,435.0,1.0
2026-07-02,MSFT,2026-07-31,PUT,440.0,16.0
2026-07-02,MSFT,2026-07-31,PUT,445.0,1.0
2026-07-02,MSFT,2026-07-31,PUT,450.0,20.0
2026-07-02,MSFT,2026-07-31,PUT,455.0,5.0
2026-07-02,MSFT,2026-07-31,PUT,460.0,10.0
2026-07-02,MSFT,2026-07-31,PUT,465.0,3.0
2026-07-02,MSFT,2026-07-31,PUT,470.0,1.0
2026-07-02,MSFT,2026-07-31,PUT,475.0,5.0
2026-07-02,MSFT,2026-07-31,PUT,480.0,2.0
2026-07-02,MSFT,2026-07-31,PUT,530.0,
2026-07-02,MSFT,2026-07-31,PUT,540.0,
2026-07-02,MSFT,2026-07-31,PUT,550.0,1.0
2026-07-02,NVDA,2026-07-31,CALL,50.0,1.0
2026-07-02,NVDA,2026-07-31,CALL,75.0,1.0
2026-07-02,NVDA,2026-07-31,CALL,80.0,1.0
2026-07-02,NVDA,2026-07-31,CALL,85.0,3.0
2026-07-02,NVDA,2026-07-31,CALL,90.0,2.0
2026-07-02,NVDA,2026-07-31,CALL,95.0,2.0
2026-07-02,NVDA,2026-07-31,CALL,100.0,6.0
2026-07-02,NVDA,2026-07-31,CALL,105.0,2.0
2026-07-02,NVDA,2026-07-31,CALL,110.0,26.0
2026-07-02,NVDA,2026-07-31,CALL,115.0,14.0
2026-07-02,NVDA,2026-07-31,CALL,120.0,1.0
2026-07-02,NVDA,2026-07-31,CALL,125.0,30.0
2026-07-02,NVDA,2026-07-31,CALL,130.0,1.0
2026-07-02,NVDA,2026-07-31,CALL,135.0,4.0
2026-07-02,NVDA,2026-07-31,CALL,140.0,1.0
2026-07-02,NVDA,2026-07-31,CALL,145.0,3.0
2026-07-02,NVDA,2026-07-31,CALL,150.0,179.0
2026-07-02,NVDA,2026-07-31,CALL,155.0,174.0
2026-07-02,NVDA,2026-07-31,CALL,160.0,155.0
2026-07-02,NVDA,2026-07-31,CALL,165.0,30.0
2026-07-02,NVDA,2026-07-31,CALL,170.0,37.0
2026-07-02,NVDA,2026-07-31,CALL,175.0,32.0
2026-07-02,NVDA,2026-07-31,CALL,180.0,92.0
2026-07-02,NVDA,2026-07-31,CALL,185.0,44.0
2026-07-02,NVDA,2026-07-31,CALL,190.0,273.0
2026-07-02,NVDA,2026-07-31,CALL,195.0,1446.0
2026-07-02,NVDA,2026-07-31,CALL,200.0,5568.0
2026-07-02,NVDA,2026-07-31,CALL,205.0,3394.0
2026-07-02,NVDA,2026-07-31,CALL,210.0,1827.0
2026-07-02,NVDA,2026-07-31,CALL,215.0,1794.0
2026-07-02,NVDA,2026-07-31,CALL,220.0,4614.0
2026-07-02,NVDA,2026-07-31,CALL,225.0,1235.0
2026-07-02,NVDA,2026-07-31,CALL,230.0,2326.0
2026-07-02,NVDA,2026-07-31,CALL,235.0,1441.0
2026-07-02,NVDA,2026-07-31,CALL,240.0,740.0
2026-07-02,NVDA,2026-07-31,CALL,245.0,74.0
2026-07-02,NVDA,2026-07-31,CALL,250.0,1937.0
2026-07-02,NVDA,2026-07-31,CALL,255.0,32.0
2026-07-02,NVDA,2026-07-31,CALL,260.0,85.0
2026-07-02,NVDA,2026-07-31,CALL,265.0,54.0
2026-07-02,NVDA,2026-07-31,CALL,270.0,98.0
2026-07-02,NVDA,2026-07-31,CALL,275.0,21.0
2026-07-02,NVDA,2026-07-31,CALL,280.0,20.0
2026-07-02,NVDA,2026-07-31,CALL,285.0,2.0
2026-07-02,NVDA,2026-07-31,CALL,290.0,2.0
2026-07-02,NVDA,2026-07-31,CALL,295.0,2.0
2026-07-02,NVDA,2026-07-31,CALL,300.0,23.0
2026-07-02,NVDA,2026-07-31,CALL,305.0,2.0
2026-07-02,NVDA,2026-07-31,CALL,310.0,80.0
2026-07-02,NVDA,2026-07-31,CALL,315.0,16.0
2026-07-02,NVDA,2026-07-31,CALL,320.0,4.0
2026-07-02,NVDA,2026-07-31,CALL,325.0,1.0
2026-07-02,NVDA,2026-07-31,CALL,330.0,1.0
2026-07-02,NVDA,2026-07-31,CALL,335.0,3.0
2026-07-02,NVDA,2026-07-31,CALL,340.0,1.0
2026-07-02,NVDA,2026-07-31,CALL,345.0,1.0
2026-07-02,NVDA,2026-07-31,CALL,350.0,2.0
2026-07-02,NVDA,2026-07-31,CALL,360.0,2.0
2026-07-02,NVDA,2026-07-31,CALL,380.0,13.0
2026-07-02,NVDA,2026-07-31,CALL,390.0,2.0
2026-07-02,NVDA,2026-07-31,CALL,400.0,17.0
2026-07-02,NVDA,2026-07-31,PUT,65.0,20.0
2026-07-02,NVDA,2026-07-31,PUT,70.0,3.0
2026-07-02,NVDA,2026-07-31,PUT,75.0,3.0
2026-07-02,NVDA,2026-07-31,PUT,80.0,16.0
2026-07-02,NVDA,2026-07-31,PUT,85.0,12.0
2026-07-02,NVDA,2026-07-31,PUT,90.0,5.0
2026-07-02,NVDA,2026-07-31,PUT,95.0,
2026-07-02,NVDA,2026-07-31,PUT,100.0,1783.0
2026-07-02,NVDA,2026-07-31,PUT,105.0,3.0
2026-07-02,NVDA,2026-07-31,PUT,110.0,1.0
2026-07-02,NVDA,2026-07-31,PUT,115.0,3.0
2026-07-02,NVDA,2026-07-31,PUT,120.0,2.0
2026-07-02,NVDA,2026-07-31,PUT,125.0,27.0
2026-07-02,NVDA,2026-07-31,PUT,130.0,36.0
2026-07-02,NVDA,2026-07-31,PUT,135.0,25.0
2026-07-02,NVDA,2026-07-31,PUT,140.0,8.0
2026-07-02,NVDA,2026-07-31,PUT,145.0,18.0
2026-07-02,NVDA,2026-07-31,PUT,150.0,179.0
2026-07-02,NVDA,2026-07-31,PUT,155.0,85.0
2026-07-02,NVDA,2026-07-31,PUT,160.0,166.0
2026-07-02,NVDA,2026-07-31,PUT,165.0,357.0
2026-07-02,NVDA,2026-07-31,PUT,170.0,881.0
2026-07-02,NVDA,2026-07-31,PUT,175.0,965.0
2026-07-02,NVDA,2026-07-31,PUT,180.0,1975.0
2026-07-02,NVDA,2026-07-31,PUT,185.0,1162.0
2026-07-02,NVDA,2026-07-31,PUT,190.0,1172.0
2026-07-02,NVDA,2026-07-31,PUT,195.0,992.0
2026-07-02,NVDA,2026-07-31,PUT,200.0,362.0
2026-07-02,NVDA,2026-07-31,PUT,205.0,120.0
2026-07-02,NVDA,2026-07-31,PUT,210.0,222.0
2026-07-02,NVDA,2026-07-31,PUT,215.0,14.0
2026-07-02,NVDA,2026-07-31,PUT,220.0,21.0
2026-07-02,NVDA,2026-07-31,PUT,225.0,11.0
2026-07-02,NVDA,2026-07-31,PUT,230.0,1.0
2026-07-02,NVDA,2026-07-31,PUT,235.0,4.0
2026-07-02,NVDA,2026-07-31,PUT,240.0,17.0
2026-07-02,NVDA,2026-07-31,PUT,245.0,41.0
2026-07-02,NVDA,2026-07-31,PUT,250.0,27.0
2026-07-02,NVDA,2026-07-31,PUT,255.0,
2026-07-02,NVDA,2026-07-31,PUT,260.0,2.0
2026-07-02,NVDA,2026-07-31,PUT,265.0,
2026-07-02,PLTR,2026-07-31,CALL,50.0,1.0
2026-07-02,PLTR,2026-07-31,CALL,60.0,45.0
2026-07-02,PLTR,2026-07-31,CALL,65.0,1.0
2026-07-02,PLTR,2026-07-31,CALL,70.0,
2026-07-02,PLTR,2026-07-31,CALL,75.0,
2026-07-02,PLTR,2026-07-31,CALL,80.0,4.0
2026-07-02,PLTR,2026-07-31,CALL,85.0,144.0
2026-07-02,PLTR,2026-07-31,CALL,90.0,144.0
2026-07-02,PLTR,2026-07-31,CALL,95.0,7.0
2026-07-02,PLTR,2026-07-31,CALL,100.0,37.0
2026-07-02,PLTR,2026-07-31,CALL,102.0,5.0
2026-07-02,PLTR,2026-07-31,CALL,103.0,1.0
2026-07-02,PLTR,2026-07-31,CALL,104.0,1.0
2026-07-02,PLTR,2026-07-31,CALL,105.0,14.0
2026-07-02,PLTR,2026-07-31,CALL,106.0,2.0
2026-07-02,PLTR,2026-07-31,CALL,107.0,33.0
2026-07-02,PLTR,2026-07-31,CALL,108.0,12.0
2026-07-02,PLTR,2026-07-31,CALL,109.0,44.0
2026-07-02,PLTR,2026-07-31,CALL,110.0,116.0
2026-07-02,PLTR,2026-07-31,CALL,111.0,10.0
2026-07-02,PLTR,2026-07-31,CALL,112.0,77.0
2026-07-02,PLTR,2026-07-31,CALL,113.0,11.0
2026-07-02,PLTR,2026-07-31,CALL,114.0,87.0
2026-07-02,PLTR,2026-07-31,CALL,115.0,242.0
2026-07-02,PLTR,2026-07-31,CALL,116.0,33.0
2026-07-02,PLTR,2026-07-31,CALL,117.0,208.0
2026-07-02,PLTR,2026-07-31,CALL,118.0,165.0
2026-07-02,PLTR,2026-07-31,CALL,119.0,74.0
2026-07-02,PLTR,2026-07-31,CALL,120.0,465.0
2026-07-02,PLTR,2026-07-31,CALL,121.0,148.0
2026-07-02,PLTR,2026-07-31,CALL,122.0,183.0
2026-07-02,PLTR,2026-07-31,CALL,123.0,112.0
2026-07-02,PLTR,2026-07-31,CALL,124.0,86.0
2026-07-02,PLTR,2026-07-31,CALL,125.0,593.0
2026-07-02,PLTR,2026-07-31,CALL,126.0,206.0
2026-07-02,PLTR,2026-07-31,CALL,127.0,422.0
2026-07-02,PLTR,2026-07-31,CALL,128.0,342.0
2026-07-02,PLTR,2026-07-31,CALL,129.0,122.0
2026-07-02,PLTR,2026-07-31,CALL,130.0,2066.0
2026-07-02,PLTR,2026-07-31,CALL,131.0,69.0
2026-07-02,PLTR,2026-07-31,CALL,132.0,121.0
2026-07-02,PLTR,2026-07-31,CALL,133.0,59.0
2026-07-02,PLTR,2026-07-31,CALL,134.0,100.0
2026-07-02,PLTR,2026-07-31,CALL,135.0,630.0
2026-07-02,PLTR,2026-07-31,CALL,136.0,73.0
2026-07-02,PLTR,2026-07-31,CALL,137.0,63.0
2026-07-02,PLTR,2026-07-31,CALL,138.0,166.0
2026-07-02,PLTR,2026-07-31,CALL,139.0,201.0
2026-07-02,PLTR,2026-07-31,CALL,140.0,1353.0
2026-07-02,PLTR,2026-07-31,CALL,141.0,123.0
2026-07-02,PLTR,2026-07-31,CALL,142.0,94.0
2026-07-02,PLTR,2026-07-31,CALL,143.0,91.0
2026-07-02,PLTR,2026-07-31,CALL,144.0,50.0
2026-07-02,PLTR,2026-07-31,CALL,145.0,684.0
2026-07-02,PLTR,2026-07-31,CALL,146.0,72.0
2026-07-02,PLTR,2026-07-31,CALL,147.0,108.0
2026-07-02,PLTR,2026-07-31,CALL,148.0,33.0
2026-07-02,PLTR,2026-07-31,CALL,150.0,685.0
2026-07-02,PLTR,2026-07-31,CALL,152.5,72.0
2026-07-02,PLTR,2026-07-31,CALL,155.0,542.0
2026-07-02,PLTR,2026-07-31,CALL,160.0,774.0
2026-07-02,PLTR,2026-07-31,CALL,165.0,156.0
2026-07-02,PLTR,2026-07-31,CALL,170.0,43.0
2026-07-02,PLTR,2026-07-31,CALL,175.0,47.0
2026-07-02,PLTR,2026-07-31,CALL,180.0,80.0
2026-07-02,PLTR,2026-07-31,CALL,185.0,23.0
2026-07-02,PLTR,2026-07-31,CALL,190.0,11.0
2026-07-02,PLTR,2026-07-31,CALL,195.0,12.0
2026-07-02,PLTR,2026-07-31,CALL,200.0,45.0
2026-07-02,PLTR,2026-07-31,CALL,205.0,15.0
2026-07-02,PLTR,2026-07-31,CALL,210.0,1.0
2026-07-02,PLTR,2026-07-31,CALL,215.0,
2026-07-02,PLTR,2026-07-31,CALL,220.0,8.0
2026-07-02,PLTR,2026-07-31,CALL,225.0,1.0
2026-07-02,PLTR,2026-07-31,CALL,230.0,1.0
2026-07-02,PLTR,2026-07-31,CALL,235.0,7.0
2026-07-02,PLTR,2026-07-31,CALL,240.0,2.0
2026-07-02,PLTR,2026-07-31,CALL,245.0,2.0
2026-07-02,PLTR,2026-07-31,CALL,250.0,3.0
2026-07-02,PLTR,2026-07-31,CALL,255.0,4.0
2026-07-02,PLTR,2026-07-31,CALL,260.0,4.0
2026-07-02,PLTR,2026-07-31,PUT,50.0,
2026-07-02,PLTR,2026-07-31,PUT,55.0,6.0
2026-07-02,PLTR,2026-07-31,PUT,60.0,415.0
2026-07-02,PLTR,2026-07-31,PUT,65.0,5.0
2026-07-02,PLTR,2026-07-31,PUT,70.0,5.0
2026-07-02,PLTR,2026-07-31,PUT,75.0,2.0
2026-07-02,PLTR,2026-07-31,PUT,80.0,6.0
2026-07-02,PLTR,2026-07-31,PUT,85.0,107.0
2026-07-02,PLTR,2026-07-31,PUT,90.0,169.0
2026-07-02,PLTR,2026-07-31,PUT,95.0,175.0
2026-07-02,PLTR,2026-07-31,PUT,100.0,557.0
2026-07-02,PLTR,2026-07-31,PUT,101.0,32.0
2026-07-02,PLTR,2026-07-31,PUT,102.0,45.0
2026-07-02,PLTR,2026-07-31,PUT,103.0,57.0
2026-07-02,PLTR,2026-07-31,PUT,104.0,126.0
2026-07-02,PLTR,2026-07-31,PUT,105.0,346.0
2026-07-02,PLTR,2026-07-31,PUT,106.0,230.0
2026-07-02,PLTR,2026-07-31,PUT,107.0,225.0
2026-07-02,PLTR,2026-07-31,PUT,108.0,15.0
2026-07-02,PLTR,2026-07-31,PUT,109.0,27.0
2026-07-02,PLTR,2026-07-31,PUT,110.0,480.0
2026-07-02,PLTR,2026-07-31,PUT,111.0,28.0
2026-07-02,PLTR,2026-07-31,PUT,112.0,33.0
2026-07-02,PLTR,2026-07-31,PUT,113.0,95.0
2026-07-02,PLTR,2026-07-31,PUT,114.0,19.0
2026-07-02,PLTR,2026-07-31,PUT,115.0,415.0
2026-07-02,PLTR,2026-07-31,PUT,116.0,29.0
2026-07-02,PLTR,2026-07-31,PUT,117.0,32.0
2026-07-02,PLTR,2026-07-31,PUT,118.0,99.0
2026-07-02,PLTR,2026-07-31,PUT,119.0,50.0
2026-07-02,PLTR,2026-07-31,PUT,120.0,277.0
2026-07-02,PLTR,2026-07-31,PUT,121.0,20.0
2026-07-02,PLTR,2026-07-31,PUT,122.0,40.0
2026-07-02,PLTR,2026-07-31,PUT,123.0,23.0
2026-07-02,PLTR,2026-07-31,PUT,124.0,100.0
2026-07-02,PLTR,2026-07-31,PUT,125.0,357.0
2026-07-02,PLTR,2026-07-31,PUT,126.0,76.0
2026-07-02,PLTR,2026-07-31,PUT,127.0,86.0
2026-07-02,PLTR,2026-07-31,PUT,128.0,29.0
2026-07-02,PLTR,2026-07-31,PUT,129.0,13.0
2026-07-02,PLTR,2026-07-31,PUT,130.0,73.0
2026-07-02,PLTR,2026-07-31,PUT,131.0,4.0
2026-07-02,PLTR,2026-07-31,PUT,132.0,2.0
2026-07-02,PLTR,2026-07-31,PUT,133.0,14.0
2026-07-02,PLTR,2026-07-31,PUT,134.0,1.0
2026-07-02,PLTR,2026-07-31,PUT,135.0,44.0
2026-07-02,PLTR,2026-07-31,PUT,136.0,1.0
2026-07-02,PLTR,2026-07-31,PUT,137.0,1.0
2026-07-02,PLTR,2026-07-31,PUT,138.0,1.0
2026-07-02,PLTR,2026-07-31,PUT,139.0,6.0
2026-07-02,PLTR,2026-07-31,PUT,140.0,7.0
2026-07-02,PLTR,2026-07-31,PUT,141.0,1.0
2026-07-02,PLTR,2026-07-31,PUT,142.0,1.0
2026-07-02,PLTR,2026-07-31,PUT,143.0,3.0
2026-07-02,PLTR,2026-07-31,PUT,144.0,21.0
2026-07-02,PLTR,2026-07-31,PUT,145.0,12.0
2026-07-02,PLTR,2026-07-31,PUT,146.0,3.0
2026-07-02,PLTR,2026-07-31,PUT,147.0,1.0
2026-07-02,PLTR,2026-07-31,PUT,148.0,2.0
2026-07-02,PLTR,2026-07-31,PUT,150.0,2.0
2026-07-02,PLTR,2026-07-31,PUT,152.5,1.0
2026-07-02,PLTR,2026-07-31,PUT,155.0,15.0
2026-07-02,PLTR,2026-07-31,PUT,160.0,1.0
2026-07-02,PLTR,2026-07-31,PUT,165.0,5.0
2026-07-02,PLTR,2026-07-31,PUT,170.0,2.0
2026-07-02,PLTR,2026-07-31,PUT,175.0,4.0
2026-07-02,PLTR,2026-07-31,PUT,180.0,3.0
2026-07-02,PLTR,2026-07-31,PUT,195.0,1.0
2026-07-02,QCOM,2026-07-31,CALL,120.0,5.0
2026-07-02,QCOM,2026-07-31,CALL,125.0,1.0
2026-07-02,QCOM,2026-07-31,CALL,130.0,11.0
2026-07-02,QCOM,2026-07-31,CALL,135.0,4.0
2026-07-02,QCOM,2026-07-31,CALL,140.0,4.0
2026-07-02,QCOM,2026-07-31,CALL,145.0,14.0
2026-07-02,QCOM,2026-07-31,CALL,150.0,6.0
2026-07-02,QCOM,2026-07-31,CALL,155.0,2.0
2026-07-02,QCOM,2026-07-31,CALL,160.0,1.0
2026-07-02,QCOM,2026-07-31,CALL,165.0,2.0
2026-07-02,QCOM,2026-07-31,CALL,170.0,4.0
2026-07-02,QCOM,2026-07-31,CALL,172.5,5.0
2026-07-02,QCOM,2026-07-31,CALL,175.0,4.0
2026-07-02,QCOM,2026-07-31,CALL,177.5,1.0
2026-07-02,QCOM,2026-07-31,CALL,180.0,7.0
2026-07-02,QCOM,2026-07-31,CALL,182.5,3.0
2026-07-02,QCOM,2026-07-31,CALL,185.0,88.0
2026-07-02,QCOM,2026-07-31,CALL,187.5,318.0
2026-07-02,QCOM,2026-07-31,CALL,190.0,50.0
2026-07-02,QCOM,2026-07-31,CALL,192.5,47.0
2026-07-02,QCOM,2026-07-31,CALL,195.0,18.0
2026-07-02,QCOM,2026-07-31,CALL,197.5,15.0
2026-07-02,QCOM,2026-07-31,CALL,200.0,821.0
2026-07-02,QCOM,2026-07-31,CALL,202.5,10.0
2026-07-02,QCOM,2026-07-31,CALL,205.0,43.0
2026-07-02,QCOM,2026-07-31,CALL,207.5,14.0
2026-07-02,QCOM,2026-07-31,CALL,210.0,47.0
2026-07-02,QCOM,2026-07-31,CALL,212.5,22.0
2026-07-02,QCOM,2026-07-31,CALL,215.0,23.0
2026-07-02,QCOM,2026-07-31,CALL,217.5,3.0
2026-07-02,QCOM,2026-07-31,CALL,220.0,46.0
2026-07-02,QCOM,2026-07-31,CALL,222.5,5.0
2026-07-02,QCOM,2026-07-31,CALL,225.0,18.0
2026-07-02,QCOM,2026-07-31,CALL,227.5,5.0
2026-07-02,QCOM,2026-07-31,CALL,230.0,34.0
2026-07-02,QCOM,2026-07-31,CALL,232.5,5.0
2026-07-02,QCOM,2026-07-31,CALL,235.0,32.0
2026-07-02,QCOM,2026-07-31,CALL,237.5,8.0
2026-07-02,QCOM,2026-07-31,CALL,240.0,144.0
2026-07-02,QCOM,2026-07-31,CALL,242.5,88.0
2026-07-02,QCOM,2026-07-31,CALL,245.0,128.0
2026-07-02,QCOM,2026-07-31,CALL,250.0,243.0
2026-07-02,QCOM,2026-07-31,CALL,255.0,1.0
2026-07-02,QCOM,2026-07-31,CALL,260.0,246.0
2026-07-02,QCOM,2026-07-31,CALL,265.0,8.0
2026-07-02,QCOM,2026-07-31,CALL,270.0,10.0
2026-07-02,QCOM,2026-07-31,CALL,275.0,1.0
2026-07-02,QCOM,2026-07-31,CALL,280.0,14.0
2026-07-02,QCOM,2026-07-31,CALL,285.0,4.0
2026-07-02,QCOM,2026-07-31,CALL,290.0,25.0
2026-07-02,QCOM,2026-07-31,CALL,295.0,3.0
2026-07-02,QCOM,2026-07-31,CALL,300.0,82.0
2026-07-02,QCOM,2026-07-31,PUT,120.0,14.0
2026-07-02,QCOM,2026-07-31,PUT,125.0,3.0
2026-07-02,QCOM,2026-07-31,PUT,130.0,1.0
2026-07-02,QCOM,2026-07-31,PUT,135.0,4.0
2026-07-02,QCOM,2026-07-31,PUT,140.0,25.0
2026-07-02,QCOM,2026-07-31,PUT,145.0,154.0
2026-07-02,QCOM,2026-07-31,PUT,150.0,10.0
2026-07-02,QCOM,2026-07-31,PUT,155.0,25.0
2026-07-02,QCOM,2026-07-31,PUT,160.0,48.0
2026-07-02,QCOM,2026-07-31,PUT,165.0,50.0
2026-07-02,QCOM,2026-07-31,PUT,170.0,37.0
2026-07-02,QCOM,2026-07-31,PUT,172.5,6.0
2026-07-02,QCOM,2026-07-31,PUT,175.0,62.0
2026-07-02,QCOM,2026-07-31,PUT,177.5,5.0
2026-07-02,QCOM,2026-07-31,PUT,180.0,117.0
2026-07-02,QCOM,2026-07-31,PUT,182.5,14.0
2026-07-02,QCOM,2026-07-31,PUT,185.0,70.0
2026-07-02,QCOM,2026-07-31,PUT,187.5,10.0
2026-07-02,QCOM,2026-07-31,PUT,190.0,9.0
2026-07-02,QCOM,2026-07-31,PUT,192.5,4.0
2026-07-02,QCOM,2026-07-31,PUT,195.0,6.0
2026-07-02,QCOM,2026-07-31,PUT,197.5,4.0
2026-07-02,QCOM,2026-07-31,PUT,200.0,10.0
2026-07-02,QCOM,2026-07-31,PUT,202.5,6.0
2026-07-02,QCOM,2026-07-31,PUT,205.0,1.0
2026-07-02,QCOM,2026-07-31,PUT,207.5,1.0
2026-07-02,QCOM,2026-07-31,PUT,210.0,1.0
2026-07-02,QCOM,2026-07-31,PUT,212.5,1.0
2026-07-02,QCOM,2026-07-31,PUT,215.0,2.0
2026-07-02,QCOM,2026-07-31,PUT,217.5,3.0
2026-07-02,QCOM,2026-07-31,PUT,220.0,1.0
2026-07-02,QCOM,2026-07-31,PUT,222.5,
2026-07-02,QCOM,2026-07-31,PUT,225.0,10.0
2026-07-02,QCOM,2026-07-31,PUT,227.5,
2026-07-02,QCOM,2026-07-31,PUT,230.0,1.0
2026-07-02,QCOM,2026-07-31,PUT,232.5,
2026-07-02,QCOM,2026-07-31,PUT,235.0,1.0
2026-07-02,QCOM,2026-07-31,PUT,237.5,13.0
2026-07-02,QCOM,2026-07-31,PUT,240.0,1.0
2026-07-02,QCOM,2026-07-31,PUT,245.0,12.0
2026-07-02,QCOM,2026-07-31,PUT,250.0,14.0
2026-07-02,QCOM,2026-07-31,PUT,260.0,2.0
2026-07-02,QCOM,2026-07-31,PUT,270.0,
2026-07-02,QCOM,2026-07-31,PUT,275.0,
2026-07-02,QCOM,2026-07-31,PUT,285.0,13.0
2026-07-02,QCOM,2026-07-31,PUT,295.0,
2026-07-02,TSLA,2026-07-31,CALL,100.0,
2026-07-02,TSLA,2026-07-31,CALL,110.0,2.0
2026-07-02,TSLA,2026-07-31,CALL,120.0,1.0
2026-07-02,TSLA,2026-07-31,CALL,160.0,
2026-07-02,TSLA,2026-07-31,CALL,180.0,
2026-07-02,TSLA,2026-07-31,CALL,200.0,1.0
2026-07-02,TSLA,2026-07-31,CALL,210.0,
2026-07-02,TSLA,2026-07-31,CALL,220.0,
2026-07-02,TSLA,2026-07-31,CALL,250.0,1.0
2026-07-02,TSLA,2026-07-31,CALL,255.0,1.0
2026-07-02,TSLA,2026-07-31,CALL,260.0,1.0
2026-07-02,TSLA,2026-07-31,CALL,265.0,2.0
2026-07-02,TSLA,2026-07-31,CALL,270.0,
2026-07-02,TSLA,2026-07-31,CALL,275.0,6.0
2026-07-02,TSLA,2026-07-31,CALL,280.0,1.0
2026-07-02,TSLA,2026-07-31,CALL,285.0,1.0
2026-07-02,TSLA,2026-07-31,CALL,290.0,92.0
2026-07-02,TSLA,2026-07-31,CALL,295.0,94.0
2026-07-02,TSLA,2026-07-31,CALL,300.0,10.0
2026-07-02,TSLA,2026-07-31,CALL,305.0,68.0
2026-07-02,TSLA,2026-07-31,CALL,310.0,68.0
2026-07-02,TSLA,2026-07-31,CALL,315.0,96.0
2026-07-02,TSLA,2026-07-31,CALL,320.0,96.0
2026-07-02,TSLA,2026-07-31,CALL,325.0,1.0
2026-07-02,TSLA,2026-07-31,CALL,330.0,1.0
2026-07-02,TSLA,2026-07-31,CALL,335.0,2.0
2026-07-02,TSLA,2026-07-31,CALL,340.0,16.0
2026-07-02,TSLA,2026-07-31,CALL,345.0,3.0
2026-07-02,TSLA,2026-07-31,CALL,350.0,33.0
2026-07-02,TSLA,2026-07-31,CALL,355.0,4.0
2026-07-02,TSLA,2026-07-31,CALL,360.0,1.0
2026-07-02,TSLA,2026-07-31,CALL,365.0,2.0
2026-07-02,TSLA,2026-07-31,CALL,370.0,13.0
2026-07-02,TSLA,2026-07-31,CALL,375.0,18.0
2026-07-02,TSLA,2026-07-31,CALL,380.0,40.0
2026-07-02,TSLA,2026-07-31,CALL,385.0,89.0
2026-07-02,TSLA,2026-07-31,CALL,390.0,85.0
2026-07-02,TSLA,2026-07-31,CALL,395.0,38.0
2026-07-02,TSLA,2026-07-31,CALL,400.0,258.0
2026-07-02,TSLA,2026-07-31,CALL,405.0,54.0
2026-07-02,TSLA,2026-07-31,CALL,410.0,173.0
2026-07-02,TSLA,2026-07-31,CALL,415.0,146.0
2026-07-02,TSLA,2026-07-31,CALL,420.0,350.0
2026-07-02,TSLA,2026-07-31,CALL,425.0,609.0
2026-07-02,TSLA,2026-07-31,CALL,430.0,1920.0
2026-07-02,TSLA,2026-07-31,CALL,435.0,450.0
2026-07-02,TSLA,2026-07-31,CALL,440.0,495.0
2026-07-02,TSLA,2026-07-31,CALL,445.0,216.0
2026-07-02,TSLA,2026-07-31,CALL,450.0,1073.0
2026-07-02,TSLA,2026-07-31,CALL,455.0,129.0
2026-07-02,TSLA,2026-07-31,CALL,460.0,333.0
2026-07-02,TSLA,2026-07-31,CALL,465.0,98.0
2026-07-02,TSLA,2026-07-31,CALL,470.0,285.0
2026-07-02,TSLA,2026-07-31,CALL,475.0,197.0
2026-07-02,TSLA,2026-07-31,CALL,480.0,1273.0
2026-07-02,TSLA,2026-07-31,CALL,485.0,381.0
2026-07-02,TSLA,2026-07-31,CALL,490.0,304.0
2026-07-02,TSLA,2026-07-31,CALL,495.0,123.0
2026-07-02,TSLA,2026-07-31,CALL,500.0,885.0
2026-07-02,TSLA,2026-07-31,CALL,505.0,45.0
2026-07-02,TSLA,2026-07-31,CALL,510.0,110.0
2026-07-02,TSLA,2026-07-31,CALL,515.0,126.0
2026-07-02,TSLA,2026-07-31,CALL,520.0,322.0
2026-07-02,TSLA,2026-07-31,CALL,525.0,63.0
2026-07-02,TSLA,2026-07-31,CALL,530.0,292.0
2026-07-02,TSLA,2026-07-31,CALL,535.0,8.0
2026-07-02,TSLA,2026-07-31,CALL,540.0,38.0
2026-07-02,TSLA,2026-07-31,CALL,545.0,25.0
2026-07-02,TSLA,2026-07-31,CALL,550.0,105.0
2026-07-02,TSLA,2026-07-31,CALL,555.0,20.0
2026-07-02,TSLA,2026-07-31,CALL,560.0,15.0
2026-07-02,TSLA,2026-07-31,CALL,565.0,3.0
2026-07-02,TSLA,2026-07-31,CALL,570.0,841.0
2026-07-02,TSLA,2026-07-31,CALL,575.0,13.0
2026-07-02,TSLA,2026-07-31,CALL,580.0,13.0
2026-07-02,TSLA,2026-07-31,CALL,585.0,72.0
2026-07-02,TSLA,2026-07-31,CALL,590.0,3.0
2026-07-02,TSLA,2026-07-31,CALL,595.0,41.0
2026-07-02,TSLA,2026-07-31,CALL,600.0,86.0
2026-07-02,TSLA,2026-07-31,CALL,605.0,1.0
2026-07-02,TSLA,2026-07-31,CALL,610.0,189.0
2026-07-02,TSLA,2026-07-31,CALL,615.0,148.0
2026-07-02,TSLA,2026-07-31,CALL,620.0,93.0
2026-07-02,TSLA,2026-07-31,CALL,625.0,128.0
2026-07-02,TSLA,2026-07-31,CALL,630.0,397.0
2026-07-02,TSLA,2026-07-31,CALL,640.0,148.0
2026-07-02,TSLA,2026-07-31,CALL,650.0,139.0
2026-07-02,TSLA,2026-07-31,CALL,660.0,132.0
2026-07-02,TSLA,2026-07-31,CALL,670.0,40.0
2026-07-02,TSLA,2026-07-31,CALL,680.0,402.0
2026-07-02,TSLA,2026-07-31,CALL,690.0,146.0
2026-07-02,TSLA,2026-07-31,CALL,700.0,74.0
2026-07-02,TSLA,2026-07-31,CALL,710.0,227.0
2026-07-02,TSLA,2026-07-31,CALL,720.0,62.0
2026-07-02,TSLA,2026-07-31,CALL,730.0,85.0
2026-07-02,TSLA,2026-07-31,CALL,740.0,4.0
2026-07-02,TSLA,2026-07-31,CALL,750.0,2.0
2026-07-02,TSLA,2026-07-31,CALL,760.0,1.0
2026-07-02,TSLA,2026-07-31,CALL,770.0,32.0
2026-07-02,TSLA,2026-07-31,CALL,780.0,5.0
2026-07-02,TSLA,2026-07-31,PUT,90.0,88.0
2026-07-02,TSLA,2026-07-31,PUT,100.0,28.0
2026-07-02,TSLA,2026-07-31,PUT,110.0,20.0
2026-07-02,TSLA,2026-07-31,PUT,120.0,37.0
2026-07-02,TSLA,2026-07-31,PUT,130.0,19.0
2026-07-02,TSLA,2026-07-31,PUT,140.0,7.0
2026-07-02,TSLA,2026-07-31,PUT,150.0,5.0
2026-07-02,TSLA,2026-07-31,PUT,160.0,15.0
2026-07-02,TSLA,2026-07-31,PUT,170.0,14.0
2026-07-02,TSLA,2026-07-31,PUT,180.0,1.0
2026-07-02,TSLA,2026-07-31,PUT,190.0,9.0
2026-07-02,TSLA,2026-07-31,PUT,200.0,3.0
2026-07-02,TSLA,2026-07-31,PUT,210.0,5.0
2026-07-02,TSLA,2026-07-31,PUT,220.0,18.0
2026-07-02,TSLA,2026-07-31,PUT,230.0,1.0
2026-07-02,TSLA,2026-07-31,PUT,240.0,27.0
2026-07-02,TSLA,2026-07-31,PUT,250.0,40.0
2026-07-02,TSLA,2026-07-31,PUT,255.0,1.0
2026-07-02,TSLA,2026-07-31,PUT,260.0,1.0
2026-07-02,TSLA,2026-07-31,PUT,265.0,1.0
2026-07-02,TSLA,2026-07-31,PUT,270.0,1.0
2026-07-02,TSLA,2026-07-31,PUT,275.0,11.0
2026-07-02,TSLA,2026-07-31,PUT,280.0,7.0
2026-07-02,TSLA,2026-07-31,PUT,285.0,1.0
2026-07-02,TSLA,2026-07-31,PUT,290.0,69.0
2026-07-02,TSLA,2026-07-31,PUT,295.0,3.0
2026-07-02,TSLA,2026-07-31,PUT,300.0,65.0
2026-07-02,TSLA,2026-07-31,PUT,305.0,2.0
2026-07-02,TSLA,2026-07-31,PUT,310.0,64.0
2026-07-02,TSLA,2026-07-31,PUT,315.0,7.0
2026-07-02,TSLA,2026-07-31,PUT,320.0,22.0
2026-07-02,TSLA,2026-07-31,PUT,325.0,41.0
2026-07-02,TSLA,2026-07-31,PUT,330.0,130.0
2026-07-02,TSLA,2026-07-31,PUT,335.0,49.0
2026-07-02,TSLA,2026-07-31,PUT,340.0,148.0
2026-07-02,TSLA,2026-07-31,PUT,345.0,232.0
2026-07-02,TSLA,2026-07-31,PUT,350.0,333.0
2026-07-02,TSLA,2026-07-31,PUT,355.0,75.0
2026-07-02,TSLA,2026-07-31,PUT,360.0,156.0
2026-07-02,TSLA,2026-07-31,PUT,365.0,115.0
2026-07-02,TSLA,2026-07-31,PUT,370.0,185.0
2026-07-02,TSLA,2026-07-31,PUT,375.0,163.0
2026-07-02,TSLA,2026-07-31,PUT,380.0,151.0
2026-07-02,TSLA,2026-07-31,PUT,385.0,211.0
2026-07-02,TSLA,2026-07-31,PUT,390.0,275.0
2026-07-02,TSLA,2026-07-31,PUT,395.0,178.0
2026-07-02,TSLA,2026-07-31,PUT,400.0,363.0
2026-07-02,TSLA,2026-07-31,PUT,405.0,48.0
2026-07-02,TSLA,2026-07-31,PUT,410.0,739.0
2026-07-02,TSLA,2026-07-31,PUT,415.0,141.0
2026-07-02,TSLA,2026-07-31,PUT,420.0,271.0
2026-07-02,TSLA,2026-07-31,PUT,425.0,213.0
2026-07-02,TSLA,2026-07-31,PUT,430.0,1668.0
2026-07-02,TSLA,2026-07-31,PUT,435.0,50.0
2026-07-02,TSLA,2026-07-31,PUT,440.0,67.0
2026-07-02,TSLA,2026-07-31,PUT,445.0,2.0
2026-07-02,TSLA,2026-07-31,PUT,450.0,23.0
2026-07-02,TSLA,2026-07-31,PUT,455.0,3.0
2026-07-02,TSLA,2026-07-31,PUT,460.0,6.0
2026-07-02,TSLA,2026-07-31,PUT,465.0,3.0
2026-07-02,TSLA,2026-07-31,PUT,470.0,2.0
2026-07-02,TSLA,2026-07-31,PUT,475.0,10.0
2026-07-02,TSLA,2026-07-31,PUT,480.0,1.0
2026-07-02,TSLA,2026-07-31,PUT,485.0,8.0
2026-07-02,TSLA,2026-07-31,PUT,490.0,1.0
2026-07-02,TSLA,2026-07-31,PUT,495.0,1.0
2026-07-02,TSLA,2026-07-31,PUT,500.0,2.0
2026-07-02,TSLA,2026-07-31,PUT,505.0,1.0
2026-07-02,TSLA,2026-07-31,PUT,510.0,
2026-07-02,TSLA,2026-07-31,PUT,520.0,
2026-07-02,TSLA,2026-07-31,PUT,590.0,
2026-07-02,TSLA,2026-07-31,PUT,610.0,
2026-07-02,V,2026-07-31,CALL,260.0,1.0
2026-07-02,V,2026-07-31,CALL,270.0,2.0
2026-07-02,V,2026-07-31,CALL,275.0,2.0
2026-07-02,V,2026-07-31,CALL,290.0,
2026-07-02,V,2026-07-31,CALL,300.0,1.0
2026-07-02,V,2026-07-31,CALL,305.0,6.0
2026-07-02,V,2026-07-31,CALL,310.0,2.0
2026-07-02,V,2026-07-31,CALL,315.0,1.0
2026-07-02,V,2026-07-31,CALL,320.0,3.0
2026-07-02,V,2026-07-31,CALL,325.0,3.0
2026-07-02,V,2026-07-31,CALL,330.0,3.0
2026-07-02,V,2026-07-31,CALL,335.0,12.0
2026-07-02,V,2026-07-31,CALL,340.0,31.0
2026-07-02,V,2026-07-31,CALL,345.0,66.0
2026-07-02,V,2026-07-31,CALL,350.0,63.0
2026-07-02,V,2026-07-31,CALL,355.0,36.0
2026-07-02,V,2026-07-31,CALL,360.0,59.0
2026-07-02,V,2026-07-31,CALL,365.0,20.0
2026-07-02,V,2026-07-31,CALL,370.0,15.0
2026-07-02,V,2026-07-31,CALL,375.0,7.0
2026-07-02,V,2026-07-31,CALL,380.0,13.0
2026-07-02,V,2026-07-31,CALL,390.0,189.0
2026-07-02,V,2026-07-31,CALL,400.0,11.0
2026-07-02,V,2026-07-31,CALL,420.0,
2026-07-02,V,2026-07-31,PUT,190.0,16.0
2026-07-02,V,2026-07-31,PUT,195.0,1.0
2026-07-02,V,2026-07-31,PUT,200.0,4.0
2026-07-02,V,2026-07-31,PUT,205.0,102.0
2026-07-02,V,2026-07-31,PUT,210.0,520.0
2026-07-02,V,2026-07-31,PUT,215.0,855.0
2026-07-02,V,2026-07-31,PUT,220.0,460.0
2026-07-02,V,2026-07-31,PUT,225.0,45.0
2026-07-02,V,2026-07-31,PUT,235.0,58.0
2026-07-02,V,2026-07-31,PUT,255.0,18.0
2026-07-02,V,2026-07-31,PUT,260.0,32.0
2026-07-02,V,2026-07-31,PUT,265.0,10.0
2026-07-02,V,2026-07-31,PUT,270.0,16.0
2026-07-02,V,2026-07-31,PUT,275.0,8.0
2026-07-02,V,2026-07-31,PUT,280.0,1.0
2026-07-02,V,2026-07-31,PUT,285.0,1.0
2026-07-02,V,2026-07-31,PUT,290.0,2.0
2026-07-02,V,2026-07-31,PUT,295.0,50.0
2026-07-02,V,2026-07-31,PUT,300.0,8.0
2026-07-02,V,2026-07-31,PUT,305.0,4.0
2026-07-02,V,2026-07-31,PUT,310.0,14.0
2026-07-02,V,2026-07-31,PUT,315.0,73.0
2026-07-02,V,2026-07-31,PUT,320.0,3.0
2026-07-02,V,2026-07-31,PUT,325.0,32.0
2026-07-02,V,2026-07-31,PUT,330.0,3.0
2026-07-02,V,2026-07-31,PUT,335.0,39.0
2026-07-02,V,2026-07-31,PUT,340.0,1.0
2026-07-02,V,2026-07-31,PUT,345.0,1.0
2026-07-02,V,2026-07-31,PUT,350.0,4.0
2026-07-02,V,2026-07-31,PUT,360.0,3.0
2026-07-02,WMT,2026-07-31,CALL,80.0,1.0
2026-07-02,WMT,2026-07-31,CALL,100.0,26.0
2026-07-02,WMT,2026-07-31,CALL,105.0,8.0
2026-07-02,WMT,2026-07-31,CALL,106.0,4.0
2026-07-02,WMT,2026-07-31,CALL,107.0,69.0
2026-07-02,WMT,2026-07-31,CALL,108.0,186.0
2026-07-02,WMT,2026-07-31,CALL,110.0,950.0
2026-07-02,WMT,2026-07-31,CALL,112.0,67.0
2026-07-02,WMT,2026-07-31,CALL,113.0,195.0
2026-07-02,WMT,2026-07-31,CALL,114.0,23.0
2026-07-02,WMT,2026-07-31,CALL,115.0,463.0
2026-07-02,WMT,2026-07-31,CALL,116.0,203.0
2026-07-02,WMT,2026-07-31,CALL,117.0,44.0
2026-07-02,WMT,2026-07-31,CALL,118.0,19.0
2026-07-02,WMT,2026-07-31,CALL,119.0,133.0
2026-07-02,WMT,2026-07-31,CALL,120.0,1608.0
2026-07-02,WMT,2026-07-31,CALL,121.0,57.0
2026-07-02,WMT,2026-07-31,CALL,122.0,55.0
2026-07-02,WMT,2026-07-31,CALL,123.0,15.0
2026-07-02,WMT,2026-07-31,CALL,124.0,41.0
2026-07-02,WMT,2026-07-31,CALL,125.0,192.0
2026-07-02,WMT,2026-07-31,CALL,126.0,173.0
2026-07-02,WMT,2026-07-31,CALL,127.0,28.0
2026-07-02,WMT,2026-07-31,CALL,128.0,3.0
2026-07-02,WMT,2026-07-31,CALL,129.0,5.0
2026-07-02,WMT,2026-07-31,CALL,130.0,56.0
2026-07-02,WMT,2026-07-31,CALL,131.0,2.0
2026-07-02,WMT,2026-07-31,CALL,132.0,1.0
2026-07-02,WMT,2026-07-31,CALL,133.0,57.0
2026-07-02,WMT,2026-07-31,CALL,135.0,1.0
2026-07-02,WMT,2026-07-31,CALL,140.0,11.0
2026-07-02,WMT,2026-07-31,CALL,145.0,
2026-07-02,WMT,2026-07-31,PUT,80.0,
2026-07-02,WMT,2026-07-31,PUT,85.0,1.0
2026-07-02,WMT,2026-07-31,PUT,90.0,26.0
2026-07-02,WMT,2026-07-31,PUT,95.0,132.0
2026-07-02,WMT,2026-07-31,PUT,100.0,136.0
2026-07-02,WMT,2026-07-31,PUT,104.0,211.0
2026-07-02,WMT,2026-07-31,PUT,105.0,165.0
2026-07-02,WMT,2026-07-31,PUT,106.0,39.0
2026-07-02,WMT,2026-07-31,PUT,107.0,56.0
2026-07-02,WMT,2026-07-31,PUT,108.0,273.0
2026-07-02,WMT,2026-07-31,PUT,109.0,41.0
2026-07-02,WMT,2026-07-31,PUT,110.0,93.0
2026-07-02,WMT,2026-07-31,PUT,111.0,12.0
2026-07-02,WMT,2026-07-31,PUT,112.0,20.0
2026-07-02,WMT,2026-07-31,PUT,113.0,38.0
2026-07-02,WMT,2026-07-31,PUT,114.0,25.0
2026-07-02,WMT,2026-07-31,PUT,115.0,113.0
2026-07-02,WMT,2026-07-31,PUT,116.0,7.0
2026-07-02,WMT,2026-07-31,PUT,117.0,1.0
2026-07-02,WMT,2026-07-31,PUT,118.0,3.0
2026-07-02,WMT,2026-07-31,PUT,119.0,4.0
2026-07-02,WMT,2026-07-31,PUT,120.0,9.0
2026-07-02,WMT,2026-07-31,PUT,121.0,1.0
2026-07-02,WMT,2026-07-31,PUT,122.0,3.0
2026-07-02,WMT,2026-07-31,PUT,123.0,15.0
2026-07-02,WMT,2026-07-31,PUT,124.0,3.0
2026-07-02,WMT,2026-07-31,PUT,125.0,328.0
2026-07-02,WMT,2026-07-31,PUT,126.0,24.0
2026-07-02,WMT,2026-07-31,PUT,127.0,4.0
2026-07-02,WMT,2026-07-31,PUT,128.0,240.0
2026-07-02,WMT,2026-07-31,PUT,129.0,1.0
2026-07-02,WMT,2026-07-31,PUT,131.0,9.0
2026-07-02,XOM,2026-07-31,CALL,80.0,
2026-07-02,XOM,2026-07-31,CALL,120.0,
2026-07-02,XOM,2026-07-31,CALL,125.0,4.0
2026-07-02,XOM,2026-07-31,CALL,130.0,42.0
2026-07-02,XOM,2026-07-31,CALL,135.0,7.0
2026-07-02,XOM,2026-07-31,CALL,140.0,464.0
2026-07-02,XOM,2026-07-31,CALL,145.0,65.0
2026-07-02,XOM,2026-07-31,CALL,150.0,10.0
2026-07-02,XOM,2026-07-31,CALL,155.0,97.0
2026-07-02,XOM,2026-07-31,CALL,160.0,15.0
2026-07-02,XOM,2026-07-31,CALL,165.0,1.0
2026-07-02,XOM,2026-07-31,CALL,170.0,10.0
2026-07-02,XOM,2026-07-31,CALL,175.0,
2026-07-02,XOM,2026-07-31,PUT,95.0,28.0
2026-07-02,XOM,2026-07-31,PUT,100.0,2.0
2026-07-02,XOM,2026-07-31,PUT,105.0,9.0
2026-07-02,XOM,2026-07-31,PUT,110.0,4.0
2026-07-02,XOM,2026-07-31,PUT,115.0,5.0
2026-07-02,XOM,2026-07-31,PUT,120.0,8.0
2026-07-02,XOM,2026-07-31,PUT,125.0,19.0
2026-07-02,XOM,2026-07-31,PUT,130.0,50.0
2026-07-02,XOM,2026-07-31,PUT,135.0,19.0
2026-07-02,XOM,2026-07-31,PUT,140.0,8.0
2026-07-02,XOM,2026-07-31,PUT,145.0,1.0
2026-07-02,XOM,2026-07-31,PUT,150.0,49.0
2026-07-02,XOM,2026-07-31,PUT,155.0,2.0
2026-07-02,XOM,2026-07-31,PUT,160.0,
2026-07-02,XOM,2026-07-31,PUT,165.0,1.0
